location,reference_date,horizon,target_end_date,target,output_type,output_type_id,value
US,2022-11-19,0,2022-11-19,wk inc flu hosp,median,NA,8727
US,2022-11-19,1,2022-11-26,wk inc flu hosp,median,NA,8727
US,2022-11-19,2,2022-12-03,wk inc flu hosp,median,NA,8727
01,2022-11-19,0,2022-11-19,wk inc flu hosp,median,NA,306
01,2022-11-19,1,2022-11-26,wk inc flu hosp,median,NA,306
01,2022-11-19,2,2022-12-03,wk inc flu hosp,median,NA,306
02,2022-11-19,0,2022-11-19,wk inc flu hosp,median,NA,12
02,2022-11-19,1,2022-11-26,wk inc flu hosp,median,NA,12
02,2022-11-19,2,2022-12-03,wk inc flu hosp,median,NA,12
04,2022-11-19,0,2022-11-19,wk inc flu hosp,median,NA,149
04,2022-11-19,1,2022-11-26,wk inc flu hosp,median,NA,149
04,2022-11-19,2,2022-12-03,wk inc flu hosp,median,NA,149
05,2022-11-19,0,2022-11-19,wk inc flu hosp,median,NA,232
05,2022-11-19,1,2022-11-26,wk inc flu hosp,median,NA,232
05,2022-11-19,2,2022-12-03,wk inc flu hosp,median,NA,232
01,2022-11-19,0,2022-11-19,wk inc flu hosp,mean,NA,305.920424449901
01,2022-11-19,1,2022-11-26,wk inc flu hosp,mean,NA,305.9654939759466
01,2022-11-19,2,2022-12-03,wk inc flu hosp,mean,NA,305.99528229610746
02,2022-11-19,0,2022-11-19,wk inc flu hosp,mean,NA,11.992970668804292
02,2022-11-19,1,2022-11-26,wk inc flu hosp,mean,NA,12.041368845904016
02,2022-11-19,2,2022-12-03,wk inc flu hosp,mean,NA,12.186089684996029
04,2022-11-19,0,2022-11-19,wk inc flu hosp,mean,NA,149.02654056615808
04,2022-11-19,1,2022-11-26,wk inc flu hosp,mean,NA,149.0138292127686
04,2022-11-19,2,2022-12-03,wk inc flu hosp,mean,NA,149.21422712007285
05,2022-11-19,0,2022-11-19,wk inc flu hosp,mean,NA,232.08516062426656
05,2022-11-19,1,2022-11-26,wk inc flu hosp,mean,NA,232.0533540485134
05,2022-11-19,2,2022-12-03,wk inc flu hosp,mean,NA,232.04556531045665
US,2022-11-19,0,2022-11-19,wk inc flu hosp,mean,NA,8724.882899141674
US,2022-11-19,1,2022-11-26,wk inc flu hosp,mean,NA,8721.0806062298
US,2022-11-19,2,2022-12-03,wk inc flu hosp,mean,NA,8731.653909985753
01,2022-11-19,0,2022-11-19,wk inc flu hosp,sample,1,314
01,2022-11-19,0,2022-11-19,wk inc flu hosp,sample,2,320
01,2022-11-19,0,2022-11-19,wk inc flu hosp,sample,3,324
01,2022-11-19,0,2022-11-19,wk inc flu hosp,sample,4,302
01,2022-11-19,0,2022-11-19,wk inc flu hosp,sample,5,303
01,2022-11-19,0,2022-11-19,wk inc flu hosp,sample,6,313
01,2022-11-19,0,2022-11-19,wk inc flu hosp,sample,7,315
01,2022-11-19,0,2022-11-19,wk inc flu hosp,sample,8,312
01,2022-11-19,0,2022-11-19,wk inc flu hosp,sample,9,347
01,2022-11-19,0,2022-11-19,wk inc flu hosp,sample,10,295
01,2022-11-19,0,2022-11-19,wk inc flu hosp,sample,11,289
01,2022-11-19,0,2022-11-19,wk inc flu hosp,sample,12,303
01,2022-11-19,0,2022-11-19,wk inc flu hosp,sample,13,299
01,2022-11-19,0,2022-11-19,wk inc flu hosp,sample,14,316
01,2022-11-19,0,2022-11-19,wk inc flu hosp,sample,15,318
01,2022-11-19,0,2022-11-19,wk inc flu hosp,sample,16,314
01,2022-11-19,0,2022-11-19,wk inc flu hosp,sample,17,347
01,2022-11-19,0,2022-11-19,wk inc flu hosp,sample,18,304
01,2022-11-19,0,2022-11-19,wk inc flu hosp,sample,19,304
01,2022-11-19,0,2022-11-19,wk inc flu hosp,sample,20,301
01,2022-11-19,0,2022-11-19,wk inc flu hosp,sample,21,295
01,2022-11-19,0,2022-11-19,wk inc flu hosp,sample,22,310
01,2022-11-19,0,2022-11-19,wk inc flu hosp,sample,23,309
01,2022-11-19,0,2022-11-19,wk inc flu hosp,sample,24,302
01,2022-11-19,0,2022-11-19,wk inc flu hosp,sample,25,301
01,2022-11-19,0,2022-11-19,wk inc flu hosp,sample,26,311
01,2022-11-19,0,2022-11-19,wk inc flu hosp,sample,27,313
01,2022-11-19,0,2022-11-19,wk inc flu hosp,sample,28,297
01,2022-11-19,0,2022-11-19,wk inc flu hosp,sample,29,309
01,2022-11-19,0,2022-11-19,wk inc flu hosp,sample,30,309
01,2022-11-19,0,2022-11-19,wk inc flu hosp,sample,31,263
01,2022-11-19,0,2022-11-19,wk inc flu hosp,sample,32,299
01,2022-11-19,0,2022-11-19,wk inc flu hosp,sample,33,303
01,2022-11-19,0,2022-11-19,wk inc flu hosp,sample,34,365
01,2022-11-19,0,2022-11-19,wk inc flu hosp,sample,35,296
01,2022-11-19,0,2022-11-19,wk inc flu hosp,sample,36,343
01,2022-11-19,0,2022-11-19,wk inc flu hosp,sample,37,314
01,2022-11-19,0,2022-11-19,wk inc flu hosp,sample,38,243
01,2022-11-19,0,2022-11-19,wk inc flu hosp,sample,39,301
01,2022-11-19,0,2022-11-19,wk inc flu hosp,sample,40,296
01,2022-11-19,0,2022-11-19,wk inc flu hosp,sample,41,315
01,2022-11-19,0,2022-11-19,wk inc flu hosp,sample,42,318
01,2022-11-19,0,2022-11-19,wk inc flu hosp,sample,43,311
01,2022-11-19,0,2022-11-19,wk inc flu hosp,sample,44,309
01,2022-11-19,0,2022-11-19,wk inc flu hosp,sample,45,309
01,2022-11-19,0,2022-11-19,wk inc flu hosp,sample,46,246
01,2022-11-19,0,2022-11-19,wk inc flu hosp,sample,47,292
01,2022-11-19,0,2022-11-19,wk inc flu hosp,sample,48,303
01,2022-11-19,0,2022-11-19,wk inc flu hosp,sample,49,303
01,2022-11-19,0,2022-11-19,wk inc flu hosp,sample,50,316
01,2022-11-19,0,2022-11-19,wk inc flu hosp,sample,51,366
01,2022-11-19,0,2022-11-19,wk inc flu hosp,sample,52,308
01,2022-11-19,0,2022-11-19,wk inc flu hosp,sample,53,315
01,2022-11-19,0,2022-11-19,wk inc flu hosp,sample,54,296
01,2022-11-19,0,2022-11-19,wk inc flu hosp,sample,55,303
01,2022-11-19,0,2022-11-19,wk inc flu hosp,sample,56,309
01,2022-11-19,0,2022-11-19,wk inc flu hosp,sample,57,318
01,2022-11-19,0,2022-11-19,wk inc flu hosp,sample,58,295
01,2022-11-19,0,2022-11-19,wk inc flu hosp,sample,59,298
01,2022-11-19,0,2022-11-19,wk inc flu hosp,sample,60,303
01,2022-11-19,0,2022-11-19,wk inc flu hosp,sample,61,300
01,2022-11-19,0,2022-11-19,wk inc flu hosp,sample,62,297
01,2022-11-19,0,2022-11-19,wk inc flu hosp,sample,63,303
01,2022-11-19,0,2022-11-19,wk inc flu hosp,sample,64,310
01,2022-11-19,0,2022-11-19,wk inc flu hosp,sample,65,317
01,2022-11-19,0,2022-11-19,wk inc flu hosp,sample,66,311
01,2022-11-19,0,2022-11-19,wk inc flu hosp,sample,67,296
01,2022-11-19,0,2022-11-19,wk inc flu hosp,sample,68,309
01,2022-11-19,0,2022-11-19,wk inc flu hosp,sample,69,316
01,2022-11-19,0,2022-11-19,wk inc flu hosp,sample,70,348
01,2022-11-19,0,2022-11-19,wk inc flu hosp,sample,71,319
01,2022-11-19,0,2022-11-19,wk inc flu hosp,sample,72,325
01,2022-11-19,0,2022-11-19,wk inc flu hosp,sample,73,297
01,2022-11-19,0,2022-11-19,wk inc flu hosp,sample,74,298
01,2022-11-19,0,2022-11-19,wk inc flu hosp,sample,75,309
01,2022-11-19,0,2022-11-19,wk inc flu hosp,sample,76,314
01,2022-11-19,0,2022-11-19,wk inc flu hosp,sample,77,304
01,2022-11-19,0,2022-11-19,wk inc flu hosp,sample,78,291
01,2022-11-19,0,2022-11-19,wk inc flu hosp,sample,79,297
01,2022-11-19,0,2022-11-19,wk inc flu hosp,sample,80,293
01,2022-11-19,0,2022-11-19,wk inc flu hosp,sample,81,423
01,2022-11-19,0,2022-11-19,wk inc flu hosp,sample,82,313
01,2022-11-19,0,2022-11-19,wk inc flu hosp,sample,83,295
01,2022-11-19,0,2022-11-19,wk inc flu hosp,sample,84,290
01,2022-11-19,0,2022-11-19,wk inc flu hosp,sample,85,346
01,2022-11-19,0,2022-11-19,wk inc flu hosp,sample,86,329
01,2022-11-19,0,2022-11-19,wk inc flu hosp,sample,87,294
01,2022-11-19,0,2022-11-19,wk inc flu hosp,sample,88,299
01,2022-11-19,0,2022-11-19,wk inc flu hosp,sample,89,291
01,2022-11-19,0,2022-11-19,wk inc flu hosp,sample,90,359
01,2022-11-19,0,2022-11-19,wk inc flu hosp,sample,91,308
01,2022-11-19,0,2022-11-19,wk inc flu hosp,sample,92,370
01,2022-11-19,0,2022-11-19,wk inc flu hosp,sample,93,313
01,2022-11-19,0,2022-11-19,wk inc flu hosp,sample,94,305
01,2022-11-19,0,2022-11-19,wk inc flu hosp,sample,95,317
01,2022-11-19,0,2022-11-19,wk inc flu hosp,sample,96,267
01,2022-11-19,0,2022-11-19,wk inc flu hosp,sample,97,320
01,2022-11-19,0,2022-11-19,wk inc flu hosp,sample,98,291
01,2022-11-19,0,2022-11-19,wk inc flu hosp,sample,99,327
01,2022-11-19,0,2022-11-19,wk inc flu hosp,sample,100,302
01,2022-11-19,1,2022-11-26,wk inc flu hosp,sample,1,303
01,2022-11-19,1,2022-11-26,wk inc flu hosp,sample,2,331
01,2022-11-19,1,2022-11-26,wk inc flu hosp,sample,3,350
01,2022-11-19,1,2022-11-26,wk inc flu hosp,sample,4,296
01,2022-11-19,1,2022-11-26,wk inc flu hosp,sample,5,306
01,2022-11-19,1,2022-11-26,wk inc flu hosp,sample,6,322
01,2022-11-19,1,2022-11-26,wk inc flu hosp,sample,7,317
01,2022-11-19,1,2022-11-26,wk inc flu hosp,sample,8,312
01,2022-11-19,1,2022-11-26,wk inc flu hosp,sample,9,344
01,2022-11-19,1,2022-11-26,wk inc flu hosp,sample,10,301
01,2022-11-19,1,2022-11-26,wk inc flu hosp,sample,11,250
01,2022-11-19,1,2022-11-26,wk inc flu hosp,sample,12,285
01,2022-11-19,1,2022-11-26,wk inc flu hosp,sample,13,295
01,2022-11-19,1,2022-11-26,wk inc flu hosp,sample,14,325
01,2022-11-19,1,2022-11-26,wk inc flu hosp,sample,15,312
01,2022-11-19,1,2022-11-26,wk inc flu hosp,sample,16,297
01,2022-11-19,1,2022-11-26,wk inc flu hosp,sample,17,341
01,2022-11-19,1,2022-11-26,wk inc flu hosp,sample,18,305
01,2022-11-19,1,2022-11-26,wk inc flu hosp,sample,19,302
01,2022-11-19,1,2022-11-26,wk inc flu hosp,sample,20,296
01,2022-11-19,1,2022-11-26,wk inc flu hosp,sample,21,295
01,2022-11-19,1,2022-11-26,wk inc flu hosp,sample,22,305
01,2022-11-19,1,2022-11-26,wk inc flu hosp,sample,23,299
01,2022-11-19,1,2022-11-26,wk inc flu hosp,sample,24,289
01,2022-11-19,1,2022-11-26,wk inc flu hosp,sample,25,287
01,2022-11-19,1,2022-11-26,wk inc flu hosp,sample,26,309
01,2022-11-19,1,2022-11-26,wk inc flu hosp,sample,27,316
01,2022-11-19,1,2022-11-26,wk inc flu hosp,sample,28,271
01,2022-11-19,1,2022-11-26,wk inc flu hosp,sample,29,307
01,2022-11-19,1,2022-11-26,wk inc flu hosp,sample,30,311
01,2022-11-19,1,2022-11-26,wk inc flu hosp,sample,31,240
01,2022-11-19,1,2022-11-26,wk inc flu hosp,sample,32,282
01,2022-11-19,1,2022-11-26,wk inc flu hosp,sample,33,298
01,2022-11-19,1,2022-11-26,wk inc flu hosp,sample,34,354
01,2022-11-19,1,2022-11-26,wk inc flu hosp,sample,35,286
01,2022-11-19,1,2022-11-26,wk inc flu hosp,sample,36,363
01,2022-11-19,1,2022-11-26,wk inc flu hosp,sample,37,319
01,2022-11-19,1,2022-11-26,wk inc flu hosp,sample,38,208
01,2022-11-19,1,2022-11-26,wk inc flu hosp,sample,39,297
01,2022-11-19,1,2022-11-26,wk inc flu hosp,sample,40,295
01,2022-11-19,1,2022-11-26,wk inc flu hosp,sample,41,307
01,2022-11-19,1,2022-11-26,wk inc flu hosp,sample,42,316
01,2022-11-19,1,2022-11-26,wk inc flu hosp,sample,43,315
01,2022-11-19,1,2022-11-26,wk inc flu hosp,sample,44,303
01,2022-11-19,1,2022-11-26,wk inc flu hosp,sample,45,300
01,2022-11-19,1,2022-11-26,wk inc flu hosp,sample,46,260
01,2022-11-19,1,2022-11-26,wk inc flu hosp,sample,47,259
01,2022-11-19,1,2022-11-26,wk inc flu hosp,sample,48,305
01,2022-11-19,1,2022-11-26,wk inc flu hosp,sample,49,285
01,2022-11-19,1,2022-11-26,wk inc flu hosp,sample,50,399
01,2022-11-19,1,2022-11-26,wk inc flu hosp,sample,51,372
01,2022-11-19,1,2022-11-26,wk inc flu hosp,sample,52,307
01,2022-11-19,1,2022-11-26,wk inc flu hosp,sample,53,317
01,2022-11-19,1,2022-11-26,wk inc flu hosp,sample,54,295
01,2022-11-19,1,2022-11-26,wk inc flu hosp,sample,55,291
01,2022-11-19,1,2022-11-26,wk inc flu hosp,sample,56,312
01,2022-11-19,1,2022-11-26,wk inc flu hosp,sample,57,315
01,2022-11-19,1,2022-11-26,wk inc flu hosp,sample,58,268
01,2022-11-19,1,2022-11-26,wk inc flu hosp,sample,59,308
01,2022-11-19,1,2022-11-26,wk inc flu hosp,sample,60,306
01,2022-11-19,1,2022-11-26,wk inc flu hosp,sample,61,294
01,2022-11-19,1,2022-11-26,wk inc flu hosp,sample,62,306
01,2022-11-19,1,2022-11-26,wk inc flu hosp,sample,63,297
01,2022-11-19,1,2022-11-26,wk inc flu hosp,sample,64,296
01,2022-11-19,1,2022-11-26,wk inc flu hosp,sample,65,320
01,2022-11-19,1,2022-11-26,wk inc flu hosp,sample,66,310
01,2022-11-19,1,2022-11-26,wk inc flu hosp,sample,67,282
01,2022-11-19,1,2022-11-26,wk inc flu hosp,sample,68,304
01,2022-11-19,1,2022-11-26,wk inc flu hosp,sample,69,333
01,2022-11-19,1,2022-11-26,wk inc flu hosp,sample,70,325
01,2022-11-19,1,2022-11-26,wk inc flu hosp,sample,71,318
01,2022-11-19,1,2022-11-26,wk inc flu hosp,sample,72,325
01,2022-11-19,1,2022-11-26,wk inc flu hosp,sample,73,287
01,2022-11-19,1,2022-11-26,wk inc flu hosp,sample,74,297
01,2022-11-19,1,2022-11-26,wk inc flu hosp,sample,75,299
01,2022-11-19,1,2022-11-26,wk inc flu hosp,sample,76,311
01,2022-11-19,1,2022-11-26,wk inc flu hosp,sample,77,302
01,2022-11-19,1,2022-11-26,wk inc flu hosp,sample,78,264
01,2022-11-19,1,2022-11-26,wk inc flu hosp,sample,79,298
01,2022-11-19,1,2022-11-26,wk inc flu hosp,sample,80,290
01,2022-11-19,1,2022-11-26,wk inc flu hosp,sample,81,416
01,2022-11-19,1,2022-11-26,wk inc flu hosp,sample,82,308
01,2022-11-19,1,2022-11-26,wk inc flu hosp,sample,83,280
01,2022-11-19,1,2022-11-26,wk inc flu hosp,sample,84,260
01,2022-11-19,1,2022-11-26,wk inc flu hosp,sample,85,317
01,2022-11-19,1,2022-11-26,wk inc flu hosp,sample,86,391
01,2022-11-19,1,2022-11-26,wk inc flu hosp,sample,87,266
01,2022-11-19,1,2022-11-26,wk inc flu hosp,sample,88,290
01,2022-11-19,1,2022-11-26,wk inc flu hosp,sample,89,280
01,2022-11-19,1,2022-11-26,wk inc flu hosp,sample,90,412
01,2022-11-19,1,2022-11-26,wk inc flu hosp,sample,91,301
01,2022-11-19,1,2022-11-26,wk inc flu hosp,sample,92,334
01,2022-11-19,1,2022-11-26,wk inc flu hosp,sample,93,310
01,2022-11-19,1,2022-11-26,wk inc flu hosp,sample,94,317
01,2022-11-19,1,2022-11-26,wk inc flu hosp,sample,95,321
01,2022-11-19,1,2022-11-26,wk inc flu hosp,sample,96,189
01,2022-11-19,1,2022-11-26,wk inc flu hosp,sample,97,324
01,2022-11-19,1,2022-11-26,wk inc flu hosp,sample,98,290
01,2022-11-19,1,2022-11-26,wk inc flu hosp,sample,99,324
01,2022-11-19,1,2022-11-26,wk inc flu hosp,sample,100,290
01,2022-11-19,2,2022-12-03,wk inc flu hosp,sample,1,311
01,2022-11-19,2,2022-12-03,wk inc flu hosp,sample,2,345
01,2022-11-19,2,2022-12-03,wk inc flu hosp,sample,3,367
01,2022-11-19,2,2022-12-03,wk inc flu hosp,sample,4,294
01,2022-11-19,2,2022-12-03,wk inc flu hosp,sample,5,293
01,2022-11-19,2,2022-12-03,wk inc flu hosp,sample,6,328
01,2022-11-19,2,2022-12-03,wk inc flu hosp,sample,7,304
01,2022-11-19,2,2022-12-03,wk inc flu hosp,sample,8,303
01,2022-11-19,2,2022-12-03,wk inc flu hosp,sample,9,343
01,2022-11-19,2,2022-12-03,wk inc flu hosp,sample,10,302
01,2022-11-19,2,2022-12-03,wk inc flu hosp,sample,11,242
01,2022-11-19,2,2022-12-03,wk inc flu hosp,sample,12,295
01,2022-11-19,2,2022-12-03,wk inc flu hosp,sample,13,284
01,2022-11-19,2,2022-12-03,wk inc flu hosp,sample,14,325
01,2022-11-19,2,2022-12-03,wk inc flu hosp,sample,15,297
01,2022-11-19,2,2022-12-03,wk inc flu hosp,sample,16,297
01,2022-11-19,2,2022-12-03,wk inc flu hosp,sample,17,327
01,2022-11-19,2,2022-12-03,wk inc flu hosp,sample,18,295
01,2022-11-19,2,2022-12-03,wk inc flu hosp,sample,19,302
01,2022-11-19,2,2022-12-03,wk inc flu hosp,sample,20,306
01,2022-11-19,2,2022-12-03,wk inc flu hosp,sample,21,290
01,2022-11-19,2,2022-12-03,wk inc flu hosp,sample,22,302
01,2022-11-19,2,2022-12-03,wk inc flu hosp,sample,23,298
01,2022-11-19,2,2022-12-03,wk inc flu hosp,sample,24,257
01,2022-11-19,2,2022-12-03,wk inc flu hosp,sample,25,252
01,2022-11-19,2,2022-12-03,wk inc flu hosp,sample,26,315
01,2022-11-19,2,2022-12-03,wk inc flu hosp,sample,27,324
01,2022-11-19,2,2022-12-03,wk inc flu hosp,sample,28,296
01,2022-11-19,2,2022-12-03,wk inc flu hosp,sample,29,304
01,2022-11-19,2,2022-12-03,wk inc flu hosp,sample,30,301
01,2022-11-19,2,2022-12-03,wk inc flu hosp,sample,31,173
01,2022-11-19,2,2022-12-03,wk inc flu hosp,sample,32,258
01,2022-11-19,2,2022-12-03,wk inc flu hosp,sample,33,295
01,2022-11-19,2,2022-12-03,wk inc flu hosp,sample,34,364
01,2022-11-19,2,2022-12-03,wk inc flu hosp,sample,35,294
01,2022-11-19,2,2022-12-03,wk inc flu hosp,sample,36,337
01,2022-11-19,2,2022-12-03,wk inc flu hosp,sample,37,317
01,2022-11-19,2,2022-12-03,wk inc flu hosp,sample,38,201
01,2022-11-19,2,2022-12-03,wk inc flu hosp,sample,39,298
01,2022-11-19,2,2022-12-03,wk inc flu hosp,sample,40,302
01,2022-11-19,2,2022-12-03,wk inc flu hosp,sample,41,281
01,2022-11-19,2,2022-12-03,wk inc flu hosp,sample,42,306
01,2022-11-19,2,2022-12-03,wk inc flu hosp,sample,43,329
01,2022-11-19,2,2022-12-03,wk inc flu hosp,sample,44,287
01,2022-11-19,2,2022-12-03,wk inc flu hosp,sample,45,319
01,2022-11-19,2,2022-12-03,wk inc flu hosp,sample,46,252
01,2022-11-19,2,2022-12-03,wk inc flu hosp,sample,47,254
01,2022-11-19,2,2022-12-03,wk inc flu hosp,sample,48,294
01,2022-11-19,2,2022-12-03,wk inc flu hosp,sample,49,277
01,2022-11-19,2,2022-12-03,wk inc flu hosp,sample,50,421
01,2022-11-19,2,2022-12-03,wk inc flu hosp,sample,51,361
01,2022-11-19,2,2022-12-03,wk inc flu hosp,sample,52,313
01,2022-11-19,2,2022-12-03,wk inc flu hosp,sample,53,332
01,2022-11-19,2,2022-12-03,wk inc flu hosp,sample,54,295
01,2022-11-19,2,2022-12-03,wk inc flu hosp,sample,55,269
01,2022-11-19,2,2022-12-03,wk inc flu hosp,sample,56,312
01,2022-11-19,2,2022-12-03,wk inc flu hosp,sample,57,320
01,2022-11-19,2,2022-12-03,wk inc flu hosp,sample,58,277
01,2022-11-19,2,2022-12-03,wk inc flu hosp,sample,59,309
01,2022-11-19,2,2022-12-03,wk inc flu hosp,sample,60,296
01,2022-11-19,2,2022-12-03,wk inc flu hosp,sample,61,262
01,2022-11-19,2,2022-12-03,wk inc flu hosp,sample,62,300
01,2022-11-19,2,2022-12-03,wk inc flu hosp,sample,63,295
01,2022-11-19,2,2022-12-03,wk inc flu hosp,sample,64,285
01,2022-11-19,2,2022-12-03,wk inc flu hosp,sample,65,326
01,2022-11-19,2,2022-12-03,wk inc flu hosp,sample,66,309
01,2022-11-19,2,2022-12-03,wk inc flu hosp,sample,67,285
01,2022-11-19,2,2022-12-03,wk inc flu hosp,sample,68,299
01,2022-11-19,2,2022-12-03,wk inc flu hosp,sample,69,317
01,2022-11-19,2,2022-12-03,wk inc flu hosp,sample,70,352
01,2022-11-19,2,2022-12-03,wk inc flu hosp,sample,71,319
01,2022-11-19,2,2022-12-03,wk inc flu hosp,sample,72,332
01,2022-11-19,2,2022-12-03,wk inc flu hosp,sample,73,278
01,2022-11-19,2,2022-12-03,wk inc flu hosp,sample,74,302
01,2022-11-19,2,2022-12-03,wk inc flu hosp,sample,75,296
01,2022-11-19,2,2022-12-03,wk inc flu hosp,sample,76,306
01,2022-11-19,2,2022-12-03,wk inc flu hosp,sample,77,317
01,2022-11-19,2,2022-12-03,wk inc flu hosp,sample,78,284
01,2022-11-19,2,2022-12-03,wk inc flu hosp,sample,79,295
01,2022-11-19,2,2022-12-03,wk inc flu hosp,sample,80,254
01,2022-11-19,2,2022-12-03,wk inc flu hosp,sample,81,416
01,2022-11-19,2,2022-12-03,wk inc flu hosp,sample,82,316
01,2022-11-19,2,2022-12-03,wk inc flu hosp,sample,83,252
01,2022-11-19,2,2022-12-03,wk inc flu hosp,sample,84,248
01,2022-11-19,2,2022-12-03,wk inc flu hosp,sample,85,313
01,2022-11-19,2,2022-12-03,wk inc flu hosp,sample,86,347
01,2022-11-19,2,2022-12-03,wk inc flu hosp,sample,87,260
01,2022-11-19,2,2022-12-03,wk inc flu hosp,sample,88,323
01,2022-11-19,2,2022-12-03,wk inc flu hosp,sample,89,254
01,2022-11-19,2,2022-12-03,wk inc flu hosp,sample,90,392
01,2022-11-19,2,2022-12-03,wk inc flu hosp,sample,91,301
01,2022-11-19,2,2022-12-03,wk inc flu hosp,sample,92,347
01,2022-11-19,2,2022-12-03,wk inc flu hosp,sample,93,318
01,2022-11-19,2,2022-12-03,wk inc flu hosp,sample,94,304
01,2022-11-19,2,2022-12-03,wk inc flu hosp,sample,95,304
01,2022-11-19,2,2022-12-03,wk inc flu hosp,sample,96,185
01,2022-11-19,2,2022-12-03,wk inc flu hosp,sample,97,324
01,2022-11-19,2,2022-12-03,wk inc flu hosp,sample,98,296
01,2022-11-19,2,2022-12-03,wk inc flu hosp,sample,99,312
01,2022-11-19,2,2022-12-03,wk inc flu hosp,sample,100,274
02,2022-11-19,0,2022-11-19,wk inc flu hosp,sample,101,6
02,2022-11-19,0,2022-11-19,wk inc flu hosp,sample,102,11
02,2022-11-19,0,2022-11-19,wk inc flu hosp,sample,103,13
02,2022-11-19,0,2022-11-19,wk inc flu hosp,sample,104,26
02,2022-11-19,0,2022-11-19,wk inc flu hosp,sample,105,7
02,2022-11-19,0,2022-11-19,wk inc flu hosp,sample,106,12
02,2022-11-19,0,2022-11-19,wk inc flu hosp,sample,107,7
02,2022-11-19,0,2022-11-19,wk inc flu hosp,sample,108,12
02,2022-11-19,0,2022-11-19,wk inc flu hosp,sample,109,13
02,2022-11-19,0,2022-11-19,wk inc flu hosp,sample,110,14
02,2022-11-19,0,2022-11-19,wk inc flu hosp,sample,111,1
02,2022-11-19,0,2022-11-19,wk inc flu hosp,sample,112,8
02,2022-11-19,0,2022-11-19,wk inc flu hosp,sample,113,11
02,2022-11-19,0,2022-11-19,wk inc flu hosp,sample,114,15
02,2022-11-19,0,2022-11-19,wk inc flu hosp,sample,115,11
02,2022-11-19,0,2022-11-19,wk inc flu hosp,sample,116,8
02,2022-11-19,0,2022-11-19,wk inc flu hosp,sample,117,14
02,2022-11-19,0,2022-11-19,wk inc flu hosp,sample,118,14
02,2022-11-19,0,2022-11-19,wk inc flu hosp,sample,119,13
02,2022-11-19,0,2022-11-19,wk inc flu hosp,sample,120,7
02,2022-11-19,0,2022-11-19,wk inc flu hosp,sample,121,12
02,2022-11-19,0,2022-11-19,wk inc flu hosp,sample,122,0
02,2022-11-19,0,2022-11-19,wk inc flu hosp,sample,123,15
02,2022-11-19,0,2022-11-19,wk inc flu hosp,sample,124,14
02,2022-11-19,0,2022-11-19,wk inc flu hosp,sample,125,14
02,2022-11-19,0,2022-11-19,wk inc flu hosp,sample,126,13
02,2022-11-19,0,2022-11-19,wk inc flu hosp,sample,127,11
02,2022-11-19,0,2022-11-19,wk inc flu hosp,sample,128,10
02,2022-11-19,0,2022-11-19,wk inc flu hosp,sample,129,13
02,2022-11-19,0,2022-11-19,wk inc flu hosp,sample,130,11
02,2022-11-19,0,2022-11-19,wk inc flu hosp,sample,131,17
02,2022-11-19,0,2022-11-19,wk inc flu hosp,sample,132,4
02,2022-11-19,0,2022-11-19,wk inc flu hosp,sample,133,12
02,2022-11-19,0,2022-11-19,wk inc flu hosp,sample,134,11
02,2022-11-19,0,2022-11-19,wk inc flu hosp,sample,135,17
02,2022-11-19,0,2022-11-19,wk inc flu hosp,sample,136,19
02,2022-11-19,0,2022-11-19,wk inc flu hosp,sample,137,11
02,2022-11-19,0,2022-11-19,wk inc flu hosp,sample,138,12
02,2022-11-19,0,2022-11-19,wk inc flu hosp,sample,139,13
02,2022-11-19,0,2022-11-19,wk inc flu hosp,sample,140,17
02,2022-11-19,0,2022-11-19,wk inc flu hosp,sample,141,10
02,2022-11-19,0,2022-11-19,wk inc flu hosp,sample,142,13
02,2022-11-19,0,2022-11-19,wk inc flu hosp,sample,143,13
02,2022-11-19,0,2022-11-19,wk inc flu hosp,sample,144,12
02,2022-11-19,0,2022-11-19,wk inc flu hosp,sample,145,13
02,2022-11-19,0,2022-11-19,wk inc flu hosp,sample,146,13
02,2022-11-19,0,2022-11-19,wk inc flu hosp,sample,147,9
02,2022-11-19,0,2022-11-19,wk inc flu hosp,sample,148,12
02,2022-11-19,0,2022-11-19,wk inc flu hosp,sample,149,13
02,2022-11-19,0,2022-11-19,wk inc flu hosp,sample,150,23
02,2022-11-19,0,2022-11-19,wk inc flu hosp,sample,151,10
02,2022-11-19,0,2022-11-19,wk inc flu hosp,sample,152,11
02,2022-11-19,0,2022-11-19,wk inc flu hosp,sample,153,0
02,2022-11-19,0,2022-11-19,wk inc flu hosp,sample,154,12
02,2022-11-19,0,2022-11-19,wk inc flu hosp,sample,155,10
02,2022-11-19,0,2022-11-19,wk inc flu hosp,sample,156,13
02,2022-11-19,0,2022-11-19,wk inc flu hosp,sample,157,11
02,2022-11-19,0,2022-11-19,wk inc flu hosp,sample,158,13
02,2022-11-19,0,2022-11-19,wk inc flu hosp,sample,159,14
02,2022-11-19,0,2022-11-19,wk inc flu hosp,sample,160,13
02,2022-11-19,0,2022-11-19,wk inc flu hosp,sample,161,17
02,2022-11-19,0,2022-11-19,wk inc flu hosp,sample,162,13
02,2022-11-19,0,2022-11-19,wk inc flu hosp,sample,163,7
02,2022-11-19,0,2022-11-19,wk inc flu hosp,sample,164,7
02,2022-11-19,0,2022-11-19,wk inc flu hosp,sample,165,11
02,2022-11-19,0,2022-11-19,wk inc flu hosp,sample,166,14
02,2022-11-19,0,2022-11-19,wk inc flu hosp,sample,167,0
02,2022-11-19,0,2022-11-19,wk inc flu hosp,sample,168,12
02,2022-11-19,0,2022-11-19,wk inc flu hosp,sample,169,11
02,2022-11-19,0,2022-11-19,wk inc flu hosp,sample,170,17
02,2022-11-19,0,2022-11-19,wk inc flu hosp,sample,171,11
02,2022-11-19,0,2022-11-19,wk inc flu hosp,sample,172,12
02,2022-11-19,0,2022-11-19,wk inc flu hosp,sample,173,12
02,2022-11-19,0,2022-11-19,wk inc flu hosp,sample,174,12
02,2022-11-19,0,2022-11-19,wk inc flu hosp,sample,175,12
02,2022-11-19,0,2022-11-19,wk inc flu hosp,sample,176,28
02,2022-11-19,0,2022-11-19,wk inc flu hosp,sample,177,9
02,2022-11-19,0,2022-11-19,wk inc flu hosp,sample,178,13
02,2022-11-19,0,2022-11-19,wk inc flu hosp,sample,179,7
02,2022-11-19,0,2022-11-19,wk inc flu hosp,sample,180,13
02,2022-11-19,0,2022-11-19,wk inc flu hosp,sample,181,13
02,2022-11-19,0,2022-11-19,wk inc flu hosp,sample,182,11
02,2022-11-19,0,2022-11-19,wk inc flu hosp,sample,183,17
02,2022-11-19,0,2022-11-19,wk inc flu hosp,sample,184,19
02,2022-11-19,0,2022-11-19,wk inc flu hosp,sample,185,17
02,2022-11-19,0,2022-11-19,wk inc flu hosp,sample,186,14
02,2022-11-19,0,2022-11-19,wk inc flu hosp,sample,187,11
02,2022-11-19,0,2022-11-19,wk inc flu hosp,sample,188,12
02,2022-11-19,0,2022-11-19,wk inc flu hosp,sample,189,6
02,2022-11-19,0,2022-11-19,wk inc flu hosp,sample,190,11
02,2022-11-19,0,2022-11-19,wk inc flu hosp,sample,191,13
02,2022-11-19,0,2022-11-19,wk inc flu hosp,sample,192,13
02,2022-11-19,0,2022-11-19,wk inc flu hosp,sample,193,6
02,2022-11-19,0,2022-11-19,wk inc flu hosp,sample,194,12
02,2022-11-19,0,2022-11-19,wk inc flu hosp,sample,195,13
02,2022-11-19,0,2022-11-19,wk inc flu hosp,sample,196,14
02,2022-11-19,0,2022-11-19,wk inc flu hosp,sample,197,12
02,2022-11-19,0,2022-11-19,wk inc flu hosp,sample,198,8
02,2022-11-19,0,2022-11-19,wk inc flu hosp,sample,199,12
02,2022-11-19,0,2022-11-19,wk inc flu hosp,sample,200,8
02,2022-11-19,1,2022-11-26,wk inc flu hosp,sample,101,1
02,2022-11-19,1,2022-11-26,wk inc flu hosp,sample,102,8
02,2022-11-19,1,2022-11-26,wk inc flu hosp,sample,103,12
02,2022-11-19,1,2022-11-26,wk inc flu hosp,sample,104,16
02,2022-11-19,1,2022-11-26,wk inc flu hosp,sample,105,6
02,2022-11-19,1,2022-11-26,wk inc flu hosp,sample,106,12
02,2022-11-19,1,2022-11-26,wk inc flu hosp,sample,107,11
02,2022-11-19,1,2022-11-26,wk inc flu hosp,sample,108,9
02,2022-11-19,1,2022-11-26,wk inc flu hosp,sample,109,14
02,2022-11-19,1,2022-11-26,wk inc flu hosp,sample,110,13
02,2022-11-19,1,2022-11-26,wk inc flu hosp,sample,111,5
02,2022-11-19,1,2022-11-26,wk inc flu hosp,sample,112,9
02,2022-11-19,1,2022-11-26,wk inc flu hosp,sample,113,12
02,2022-11-19,1,2022-11-26,wk inc flu hosp,sample,114,16
02,2022-11-19,1,2022-11-26,wk inc flu hosp,sample,115,11
02,2022-11-19,1,2022-11-26,wk inc flu hosp,sample,116,11
02,2022-11-19,1,2022-11-26,wk inc flu hosp,sample,117,17
02,2022-11-19,1,2022-11-26,wk inc flu hosp,sample,118,16
02,2022-11-19,1,2022-11-26,wk inc flu hosp,sample,119,11
02,2022-11-19,1,2022-11-26,wk inc flu hosp,sample,120,10
02,2022-11-19,1,2022-11-26,wk inc flu hosp,sample,121,11
02,2022-11-19,1,2022-11-26,wk inc flu hosp,sample,122,0
02,2022-11-19,1,2022-11-26,wk inc flu hosp,sample,123,24
02,2022-11-19,1,2022-11-26,wk inc flu hosp,sample,124,16
02,2022-11-19,1,2022-11-26,wk inc flu hosp,sample,125,17
02,2022-11-19,1,2022-11-26,wk inc flu hosp,sample,126,13
02,2022-11-19,1,2022-11-26,wk inc flu hosp,sample,127,11
02,2022-11-19,1,2022-11-26,wk inc flu hosp,sample,128,7
02,2022-11-19,1,2022-11-26,wk inc flu hosp,sample,129,17
02,2022-11-19,1,2022-11-26,wk inc flu hosp,sample,130,11
02,2022-11-19,1,2022-11-26,wk inc flu hosp,sample,131,14
02,2022-11-19,1,2022-11-26,wk inc flu hosp,sample,132,7
02,2022-11-19,1,2022-11-26,wk inc flu hosp,sample,133,11
02,2022-11-19,1,2022-11-26,wk inc flu hosp,sample,134,11
02,2022-11-19,1,2022-11-26,wk inc flu hosp,sample,135,18
02,2022-11-19,1,2022-11-26,wk inc flu hosp,sample,136,20
02,2022-11-19,1,2022-11-26,wk inc flu hosp,sample,137,11
02,2022-11-19,1,2022-11-26,wk inc flu hosp,sample,138,13
02,2022-11-19,1,2022-11-26,wk inc flu hosp,sample,139,17
02,2022-11-19,1,2022-11-26,wk inc flu hosp,sample,140,17
02,2022-11-19,1,2022-11-26,wk inc flu hosp,sample,141,10
02,2022-11-19,1,2022-11-26,wk inc flu hosp,sample,142,14
02,2022-11-19,1,2022-11-26,wk inc flu hosp,sample,143,15
02,2022-11-19,1,2022-11-26,wk inc flu hosp,sample,144,12
02,2022-11-19,1,2022-11-26,wk inc flu hosp,sample,145,14
02,2022-11-19,1,2022-11-26,wk inc flu hosp,sample,146,16
02,2022-11-19,1,2022-11-26,wk inc flu hosp,sample,147,4
02,2022-11-19,1,2022-11-26,wk inc flu hosp,sample,148,8
02,2022-11-19,1,2022-11-26,wk inc flu hosp,sample,149,13
02,2022-11-19,1,2022-11-26,wk inc flu hosp,sample,150,25
02,2022-11-19,1,2022-11-26,wk inc flu hosp,sample,151,0
02,2022-11-19,1,2022-11-26,wk inc flu hosp,sample,152,12
02,2022-11-19,1,2022-11-26,wk inc flu hosp,sample,153,7
02,2022-11-19,1,2022-11-26,wk inc flu hosp,sample,154,14
02,2022-11-19,1,2022-11-26,wk inc flu hosp,sample,155,11
02,2022-11-19,1,2022-11-26,wk inc flu hosp,sample,156,13
02,2022-11-19,1,2022-11-26,wk inc flu hosp,sample,157,11
02,2022-11-19,1,2022-11-26,wk inc flu hosp,sample,158,12
02,2022-11-19,1,2022-11-26,wk inc flu hosp,sample,159,20
02,2022-11-19,1,2022-11-26,wk inc flu hosp,sample,160,16
02,2022-11-19,1,2022-11-26,wk inc flu hosp,sample,161,25
02,2022-11-19,1,2022-11-26,wk inc flu hosp,sample,162,15
02,2022-11-19,1,2022-11-26,wk inc flu hosp,sample,163,0
02,2022-11-19,1,2022-11-26,wk inc flu hosp,sample,164,5
02,2022-11-19,1,2022-11-26,wk inc flu hosp,sample,165,11
02,2022-11-19,1,2022-11-26,wk inc flu hosp,sample,166,19
02,2022-11-19,1,2022-11-26,wk inc flu hosp,sample,167,0
02,2022-11-19,1,2022-11-26,wk inc flu hosp,sample,168,12
02,2022-11-19,1,2022-11-26,wk inc flu hosp,sample,169,9
02,2022-11-19,1,2022-11-26,wk inc flu hosp,sample,170,19
02,2022-11-19,1,2022-11-26,wk inc flu hosp,sample,171,8
02,2022-11-19,1,2022-11-26,wk inc flu hosp,sample,172,13
02,2022-11-19,1,2022-11-26,wk inc flu hosp,sample,173,12
02,2022-11-19,1,2022-11-26,wk inc flu hosp,sample,174,15
02,2022-11-19,1,2022-11-26,wk inc flu hosp,sample,175,13
02,2022-11-19,1,2022-11-26,wk inc flu hosp,sample,176,24
02,2022-11-19,1,2022-11-26,wk inc flu hosp,sample,177,3
02,2022-11-19,1,2022-11-26,wk inc flu hosp,sample,178,13
02,2022-11-19,1,2022-11-26,wk inc flu hosp,sample,179,9
02,2022-11-19,1,2022-11-26,wk inc flu hosp,sample,180,11
02,2022-11-19,1,2022-11-26,wk inc flu hosp,sample,181,13
02,2022-11-19,1,2022-11-26,wk inc flu hosp,sample,182,8
02,2022-11-19,1,2022-11-26,wk inc flu hosp,sample,183,15
02,2022-11-19,1,2022-11-26,wk inc flu hosp,sample,184,22
02,2022-11-19,1,2022-11-26,wk inc flu hosp,sample,185,16
02,2022-11-19,1,2022-11-26,wk inc flu hosp,sample,186,14
02,2022-11-19,1,2022-11-26,wk inc flu hosp,sample,187,9
02,2022-11-19,1,2022-11-26,wk inc flu hosp,sample,188,11
02,2022-11-19,1,2022-11-26,wk inc flu hosp,sample,189,6
02,2022-11-19,1,2022-11-26,wk inc flu hosp,sample,190,11
02,2022-11-19,1,2022-11-26,wk inc flu hosp,sample,191,11
02,2022-11-19,1,2022-11-26,wk inc flu hosp,sample,192,14
02,2022-11-19,1,2022-11-26,wk inc flu hosp,sample,193,6
02,2022-11-19,1,2022-11-26,wk inc flu hosp,sample,194,11
02,2022-11-19,1,2022-11-26,wk inc flu hosp,sample,195,13
02,2022-11-19,1,2022-11-26,wk inc flu hosp,sample,196,18
02,2022-11-19,1,2022-11-26,wk inc flu hosp,sample,197,12
02,2022-11-19,1,2022-11-26,wk inc flu hosp,sample,198,5
02,2022-11-19,1,2022-11-26,wk inc flu hosp,sample,199,8
02,2022-11-19,1,2022-11-26,wk inc flu hosp,sample,200,0
02,2022-11-19,2,2022-12-03,wk inc flu hosp,sample,101,6
02,2022-11-19,2,2022-12-03,wk inc flu hosp,sample,102,5
02,2022-11-19,2,2022-12-03,wk inc flu hosp,sample,103,15
02,2022-11-19,2,2022-12-03,wk inc flu hosp,sample,104,16
02,2022-11-19,2,2022-12-03,wk inc flu hosp,sample,105,0
02,2022-11-19,2,2022-12-03,wk inc flu hosp,sample,106,13
02,2022-11-19,2,2022-12-03,wk inc flu hosp,sample,107,13
02,2022-11-19,2,2022-12-03,wk inc flu hosp,sample,108,1
02,2022-11-19,2,2022-12-03,wk inc flu hosp,sample,109,14
02,2022-11-19,2,2022-12-03,wk inc flu hosp,sample,110,16
02,2022-11-19,2,2022-12-03,wk inc flu hosp,sample,111,0
02,2022-11-19,2,2022-12-03,wk inc flu hosp,sample,112,1
02,2022-11-19,2,2022-12-03,wk inc flu hosp,sample,113,12
02,2022-11-19,2,2022-12-03,wk inc flu hosp,sample,114,17
02,2022-11-19,2,2022-12-03,wk inc flu hosp,sample,115,12
02,2022-11-19,2,2022-12-03,wk inc flu hosp,sample,116,12
02,2022-11-19,2,2022-12-03,wk inc flu hosp,sample,117,17
02,2022-11-19,2,2022-12-03,wk inc flu hosp,sample,118,17
02,2022-11-19,2,2022-12-03,wk inc flu hosp,sample,119,12
02,2022-11-19,2,2022-12-03,wk inc flu hosp,sample,120,5
02,2022-11-19,2,2022-12-03,wk inc flu hosp,sample,121,11
02,2022-11-19,2,2022-12-03,wk inc flu hosp,sample,122,0
02,2022-11-19,2,2022-12-03,wk inc flu hosp,sample,123,28
02,2022-11-19,2,2022-12-03,wk inc flu hosp,sample,124,18
02,2022-11-19,2,2022-12-03,wk inc flu hosp,sample,125,20
02,2022-11-19,2,2022-12-03,wk inc flu hosp,sample,126,13
02,2022-11-19,2,2022-12-03,wk inc flu hosp,sample,127,12
02,2022-11-19,2,2022-12-03,wk inc flu hosp,sample,128,8
02,2022-11-19,2,2022-12-03,wk inc flu hosp,sample,129,22
02,2022-11-19,2,2022-12-03,wk inc flu hosp,sample,130,7
02,2022-11-19,2,2022-12-03,wk inc flu hosp,sample,131,16
02,2022-11-19,2,2022-12-03,wk inc flu hosp,sample,132,0
02,2022-11-19,2,2022-12-03,wk inc flu hosp,sample,133,14
02,2022-11-19,2,2022-12-03,wk inc flu hosp,sample,134,10
02,2022-11-19,2,2022-12-03,wk inc flu hosp,sample,135,26
02,2022-11-19,2,2022-12-03,wk inc flu hosp,sample,136,28
02,2022-11-19,2,2022-12-03,wk inc flu hosp,sample,137,12
02,2022-11-19,2,2022-12-03,wk inc flu hosp,sample,138,13
02,2022-11-19,2,2022-12-03,wk inc flu hosp,sample,139,19
02,2022-11-19,2,2022-12-03,wk inc flu hosp,sample,140,23
02,2022-11-19,2,2022-12-03,wk inc flu hosp,sample,141,11
02,2022-11-19,2,2022-12-03,wk inc flu hosp,sample,142,13
02,2022-11-19,2,2022-12-03,wk inc flu hosp,sample,143,14
02,2022-11-19,2,2022-12-03,wk inc flu hosp,sample,144,11
02,2022-11-19,2,2022-12-03,wk inc flu hosp,sample,145,26
02,2022-11-19,2,2022-12-03,wk inc flu hosp,sample,146,14
02,2022-11-19,2,2022-12-03,wk inc flu hosp,sample,147,1
02,2022-11-19,2,2022-12-03,wk inc flu hosp,sample,148,7
02,2022-11-19,2,2022-12-03,wk inc flu hosp,sample,149,18
02,2022-11-19,2,2022-12-03,wk inc flu hosp,sample,150,30
02,2022-11-19,2,2022-12-03,wk inc flu hosp,sample,151,0
02,2022-11-19,2,2022-12-03,wk inc flu hosp,sample,152,13
02,2022-11-19,2,2022-12-03,wk inc flu hosp,sample,153,3
02,2022-11-19,2,2022-12-03,wk inc flu hosp,sample,154,15
02,2022-11-19,2,2022-12-03,wk inc flu hosp,sample,155,9
02,2022-11-19,2,2022-12-03,wk inc flu hosp,sample,156,12
02,2022-11-19,2,2022-12-03,wk inc flu hosp,sample,157,12
02,2022-11-19,2,2022-12-03,wk inc flu hosp,sample,158,11
02,2022-11-19,2,2022-12-03,wk inc flu hosp,sample,159,16
02,2022-11-19,2,2022-12-03,wk inc flu hosp,sample,160,16
02,2022-11-19,2,2022-12-03,wk inc flu hosp,sample,161,26
02,2022-11-19,2,2022-12-03,wk inc flu hosp,sample,162,21
02,2022-11-19,2,2022-12-03,wk inc flu hosp,sample,163,1
02,2022-11-19,2,2022-12-03,wk inc flu hosp,sample,164,7
02,2022-11-19,2,2022-12-03,wk inc flu hosp,sample,165,7
02,2022-11-19,2,2022-12-03,wk inc flu hosp,sample,166,22
02,2022-11-19,2,2022-12-03,wk inc flu hosp,sample,167,2
02,2022-11-19,2,2022-12-03,wk inc flu hosp,sample,168,7
02,2022-11-19,2,2022-12-03,wk inc flu hosp,sample,169,11
02,2022-11-19,2,2022-12-03,wk inc flu hosp,sample,170,22
02,2022-11-19,2,2022-12-03,wk inc flu hosp,sample,171,12
02,2022-11-19,2,2022-12-03,wk inc flu hosp,sample,172,11
02,2022-11-19,2,2022-12-03,wk inc flu hosp,sample,173,13
02,2022-11-19,2,2022-12-03,wk inc flu hosp,sample,174,26
02,2022-11-19,2,2022-12-03,wk inc flu hosp,sample,175,16
02,2022-11-19,2,2022-12-03,wk inc flu hosp,sample,176,26
02,2022-11-19,2,2022-12-03,wk inc flu hosp,sample,177,10
02,2022-11-19,2,2022-12-03,wk inc flu hosp,sample,178,14
02,2022-11-19,2,2022-12-03,wk inc flu hosp,sample,179,13
02,2022-11-19,2,2022-12-03,wk inc flu hosp,sample,180,10
02,2022-11-19,2,2022-12-03,wk inc flu hosp,sample,181,10
02,2022-11-19,2,2022-12-03,wk inc flu hosp,sample,182,8
02,2022-11-19,2,2022-12-03,wk inc flu hosp,sample,183,20
02,2022-11-19,2,2022-12-03,wk inc flu hosp,sample,184,25
02,2022-11-19,2,2022-12-03,wk inc flu hosp,sample,185,20
02,2022-11-19,2,2022-12-03,wk inc flu hosp,sample,186,13
02,2022-11-19,2,2022-12-03,wk inc flu hosp,sample,187,11
02,2022-11-19,2,2022-12-03,wk inc flu hosp,sample,188,4
02,2022-11-19,2,2022-12-03,wk inc flu hosp,sample,189,11
02,2022-11-19,2,2022-12-03,wk inc flu hosp,sample,190,13
02,2022-11-19,2,2022-12-03,wk inc flu hosp,sample,191,13
02,2022-11-19,2,2022-12-03,wk inc flu hosp,sample,192,11
02,2022-11-19,2,2022-12-03,wk inc flu hosp,sample,193,1
02,2022-11-19,2,2022-12-03,wk inc flu hosp,sample,194,6
02,2022-11-19,2,2022-12-03,wk inc flu hosp,sample,195,13
02,2022-11-19,2,2022-12-03,wk inc flu hosp,sample,196,24
02,2022-11-19,2,2022-12-03,wk inc flu hosp,sample,197,14
02,2022-11-19,2,2022-12-03,wk inc flu hosp,sample,198,8
02,2022-11-19,2,2022-12-03,wk inc flu hosp,sample,199,9
02,2022-11-19,2,2022-12-03,wk inc flu hosp,sample,200,0
04,2022-11-19,0,2022-11-19,wk inc flu hosp,sample,201,182
04,2022-11-19,0,2022-11-19,wk inc flu hosp,sample,202,152
04,2022-11-19,0,2022-11-19,wk inc flu hosp,sample,203,152
04,2022-11-19,0,2022-11-19,wk inc flu hosp,sample,204,188
04,2022-11-19,0,2022-11-19,wk inc flu hosp,sample,205,135
04,2022-11-19,0,2022-11-19,wk inc flu hosp,sample,206,142
04,2022-11-19,0,2022-11-19,wk inc flu hosp,sample,207,161
04,2022-11-19,0,2022-11-19,wk inc flu hosp,sample,208,224
04,2022-11-19,0,2022-11-19,wk inc flu hosp,sample,209,112
04,2022-11-19,0,2022-11-19,wk inc flu hosp,sample,210,158
04,2022-11-19,0,2022-11-19,wk inc flu hosp,sample,211,155
04,2022-11-19,0,2022-11-19,wk inc flu hosp,sample,212,138
04,2022-11-19,0,2022-11-19,wk inc flu hosp,sample,213,139
04,2022-11-19,0,2022-11-19,wk inc flu hosp,sample,214,149
04,2022-11-19,0,2022-11-19,wk inc flu hosp,sample,215,137
04,2022-11-19,0,2022-11-19,wk inc flu hosp,sample,216,149
04,2022-11-19,0,2022-11-19,wk inc flu hosp,sample,217,138
04,2022-11-19,0,2022-11-19,wk inc flu hosp,sample,218,229
04,2022-11-19,0,2022-11-19,wk inc flu hosp,sample,219,152
04,2022-11-19,0,2022-11-19,wk inc flu hosp,sample,220,145
04,2022-11-19,0,2022-11-19,wk inc flu hosp,sample,221,150
04,2022-11-19,0,2022-11-19,wk inc flu hosp,sample,222,231
04,2022-11-19,0,2022-11-19,wk inc flu hosp,sample,223,179
04,2022-11-19,0,2022-11-19,wk inc flu hosp,sample,224,168
04,2022-11-19,0,2022-11-19,wk inc flu hosp,sample,225,184
04,2022-11-19,0,2022-11-19,wk inc flu hosp,sample,226,122
04,2022-11-19,0,2022-11-19,wk inc flu hosp,sample,227,156
04,2022-11-19,0,2022-11-19,wk inc flu hosp,sample,228,141
04,2022-11-19,0,2022-11-19,wk inc flu hosp,sample,229,118
04,2022-11-19,0,2022-11-19,wk inc flu hosp,sample,230,136
04,2022-11-19,0,2022-11-19,wk inc flu hosp,sample,231,104
04,2022-11-19,0,2022-11-19,wk inc flu hosp,sample,232,136
04,2022-11-19,0,2022-11-19,wk inc flu hosp,sample,233,146
04,2022-11-19,0,2022-11-19,wk inc flu hosp,sample,234,212
04,2022-11-19,0,2022-11-19,wk inc flu hosp,sample,235,150
04,2022-11-19,0,2022-11-19,wk inc flu hosp,sample,236,147
04,2022-11-19,0,2022-11-19,wk inc flu hosp,sample,237,150
04,2022-11-19,0,2022-11-19,wk inc flu hosp,sample,238,156
04,2022-11-19,0,2022-11-19,wk inc flu hosp,sample,239,151
04,2022-11-19,0,2022-11-19,wk inc flu hosp,sample,240,158
04,2022-11-19,0,2022-11-19,wk inc flu hosp,sample,241,147
04,2022-11-19,0,2022-11-19,wk inc flu hosp,sample,242,166
04,2022-11-19,0,2022-11-19,wk inc flu hosp,sample,243,230
04,2022-11-19,0,2022-11-19,wk inc flu hosp,sample,244,94
04,2022-11-19,0,2022-11-19,wk inc flu hosp,sample,245,112
04,2022-11-19,0,2022-11-19,wk inc flu hosp,sample,246,178
04,2022-11-19,0,2022-11-19,wk inc flu hosp,sample,247,155
04,2022-11-19,0,2022-11-19,wk inc flu hosp,sample,248,120
04,2022-11-19,0,2022-11-19,wk inc flu hosp,sample,249,156
04,2022-11-19,0,2022-11-19,wk inc flu hosp,sample,250,137
04,2022-11-19,0,2022-11-19,wk inc flu hosp,sample,251,145
04,2022-11-19,0,2022-11-19,wk inc flu hosp,sample,252,76
04,2022-11-19,0,2022-11-19,wk inc flu hosp,sample,253,151
04,2022-11-19,0,2022-11-19,wk inc flu hosp,sample,254,161
04,2022-11-19,0,2022-11-19,wk inc flu hosp,sample,255,178
04,2022-11-19,0,2022-11-19,wk inc flu hosp,sample,256,150
04,2022-11-19,0,2022-11-19,wk inc flu hosp,sample,257,141
04,2022-11-19,0,2022-11-19,wk inc flu hosp,sample,258,151
04,2022-11-19,0,2022-11-19,wk inc flu hosp,sample,259,137
04,2022-11-19,0,2022-11-19,wk inc flu hosp,sample,260,145
04,2022-11-19,0,2022-11-19,wk inc flu hosp,sample,261,135
04,2022-11-19,0,2022-11-19,wk inc flu hosp,sample,262,160
04,2022-11-19,0,2022-11-19,wk inc flu hosp,sample,263,159
04,2022-11-19,0,2022-11-19,wk inc flu hosp,sample,264,174
04,2022-11-19,0,2022-11-19,wk inc flu hosp,sample,265,147
04,2022-11-19,0,2022-11-19,wk inc flu hosp,sample,266,154
04,2022-11-19,0,2022-11-19,wk inc flu hosp,sample,267,158
04,2022-11-19,0,2022-11-19,wk inc flu hosp,sample,268,143
04,2022-11-19,0,2022-11-19,wk inc flu hosp,sample,269,157
04,2022-11-19,0,2022-11-19,wk inc flu hosp,sample,270,97
04,2022-11-19,0,2022-11-19,wk inc flu hosp,sample,271,139
04,2022-11-19,0,2022-11-19,wk inc flu hosp,sample,272,152
04,2022-11-19,0,2022-11-19,wk inc flu hosp,sample,273,138
04,2022-11-19,0,2022-11-19,wk inc flu hosp,sample,274,149
04,2022-11-19,0,2022-11-19,wk inc flu hosp,sample,275,71
04,2022-11-19,0,2022-11-19,wk inc flu hosp,sample,276,174
04,2022-11-19,0,2022-11-19,wk inc flu hosp,sample,277,172
04,2022-11-19,0,2022-11-19,wk inc flu hosp,sample,278,137
04,2022-11-19,0,2022-11-19,wk inc flu hosp,sample,279,171
04,2022-11-19,0,2022-11-19,wk inc flu hosp,sample,280,230
04,2022-11-19,0,2022-11-19,wk inc flu hosp,sample,281,163
04,2022-11-19,0,2022-11-19,wk inc flu hosp,sample,282,153
04,2022-11-19,0,2022-11-19,wk inc flu hosp,sample,283,151
04,2022-11-19,0,2022-11-19,wk inc flu hosp,sample,284,150
04,2022-11-19,0,2022-11-19,wk inc flu hosp,sample,285,165
04,2022-11-19,0,2022-11-19,wk inc flu hosp,sample,286,145
04,2022-11-19,0,2022-11-19,wk inc flu hosp,sample,287,95
04,2022-11-19,0,2022-11-19,wk inc flu hosp,sample,288,159
04,2022-11-19,0,2022-11-19,wk inc flu hosp,sample,289,146
04,2022-11-19,0,2022-11-19,wk inc flu hosp,sample,290,151
04,2022-11-19,0,2022-11-19,wk inc flu hosp,sample,291,114
04,2022-11-19,0,2022-11-19,wk inc flu hosp,sample,292,155
04,2022-11-19,0,2022-11-19,wk inc flu hosp,sample,293,163
04,2022-11-19,0,2022-11-19,wk inc flu hosp,sample,294,108
04,2022-11-19,0,2022-11-19,wk inc flu hosp,sample,295,150
04,2022-11-19,0,2022-11-19,wk inc flu hosp,sample,296,152
04,2022-11-19,0,2022-11-19,wk inc flu hosp,sample,297,183
04,2022-11-19,0,2022-11-19,wk inc flu hosp,sample,298,125
04,2022-11-19,0,2022-11-19,wk inc flu hosp,sample,299,164
04,2022-11-19,0,2022-11-19,wk inc flu hosp,sample,300,201
04,2022-11-19,1,2022-11-26,wk inc flu hosp,sample,201,169
04,2022-11-19,1,2022-11-26,wk inc flu hosp,sample,202,174
04,2022-11-19,1,2022-11-26,wk inc flu hosp,sample,203,146
04,2022-11-19,1,2022-11-26,wk inc flu hosp,sample,204,165
04,2022-11-19,1,2022-11-26,wk inc flu hosp,sample,205,111
04,2022-11-19,1,2022-11-26,wk inc flu hosp,sample,206,153
04,2022-11-19,1,2022-11-26,wk inc flu hosp,sample,207,158
04,2022-11-19,1,2022-11-26,wk inc flu hosp,sample,208,213
04,2022-11-19,1,2022-11-26,wk inc flu hosp,sample,209,75
04,2022-11-19,1,2022-11-26,wk inc flu hosp,sample,210,176
04,2022-11-19,1,2022-11-26,wk inc flu hosp,sample,211,168
04,2022-11-19,1,2022-11-26,wk inc flu hosp,sample,212,133
04,2022-11-19,1,2022-11-26,wk inc flu hosp,sample,213,142
04,2022-11-19,1,2022-11-26,wk inc flu hosp,sample,214,148
04,2022-11-19,1,2022-11-26,wk inc flu hosp,sample,215,123
04,2022-11-19,1,2022-11-26,wk inc flu hosp,sample,216,149
04,2022-11-19,1,2022-11-26,wk inc flu hosp,sample,217,119
04,2022-11-19,1,2022-11-26,wk inc flu hosp,sample,218,181
04,2022-11-19,1,2022-11-26,wk inc flu hosp,sample,219,164
04,2022-11-19,1,2022-11-26,wk inc flu hosp,sample,220,124
04,2022-11-19,1,2022-11-26,wk inc flu hosp,sample,221,137
04,2022-11-19,1,2022-11-26,wk inc flu hosp,sample,222,221
04,2022-11-19,1,2022-11-26,wk inc flu hosp,sample,223,239
04,2022-11-19,1,2022-11-26,wk inc flu hosp,sample,224,170
04,2022-11-19,1,2022-11-26,wk inc flu hosp,sample,225,183
04,2022-11-19,1,2022-11-26,wk inc flu hosp,sample,226,88
04,2022-11-19,1,2022-11-26,wk inc flu hosp,sample,227,149
04,2022-11-19,1,2022-11-26,wk inc flu hosp,sample,228,138
04,2022-11-19,1,2022-11-26,wk inc flu hosp,sample,229,134
04,2022-11-19,1,2022-11-26,wk inc flu hosp,sample,230,112
04,2022-11-19,1,2022-11-26,wk inc flu hosp,sample,231,90
04,2022-11-19,1,2022-11-26,wk inc flu hosp,sample,232,107
04,2022-11-19,1,2022-11-26,wk inc flu hosp,sample,233,131
04,2022-11-19,1,2022-11-26,wk inc flu hosp,sample,234,264
04,2022-11-19,1,2022-11-26,wk inc flu hosp,sample,235,148
04,2022-11-19,1,2022-11-26,wk inc flu hosp,sample,236,152
04,2022-11-19,1,2022-11-26,wk inc flu hosp,sample,237,155
04,2022-11-19,1,2022-11-26,wk inc flu hosp,sample,238,168
04,2022-11-19,1,2022-11-26,wk inc flu hosp,sample,239,153
04,2022-11-19,1,2022-11-26,wk inc flu hosp,sample,240,178
04,2022-11-19,1,2022-11-26,wk inc flu hosp,sample,241,154
04,2022-11-19,1,2022-11-26,wk inc flu hosp,sample,242,188
04,2022-11-19,1,2022-11-26,wk inc flu hosp,sample,243,195
04,2022-11-19,1,2022-11-26,wk inc flu hosp,sample,244,37
04,2022-11-19,1,2022-11-26,wk inc flu hosp,sample,245,105
04,2022-11-19,1,2022-11-26,wk inc flu hosp,sample,246,174
04,2022-11-19,1,2022-11-26,wk inc flu hosp,sample,247,173
04,2022-11-19,1,2022-11-26,wk inc flu hosp,sample,248,119
04,2022-11-19,1,2022-11-26,wk inc flu hosp,sample,249,162
04,2022-11-19,1,2022-11-26,wk inc flu hosp,sample,250,144
04,2022-11-19,1,2022-11-26,wk inc flu hosp,sample,251,148
04,2022-11-19,1,2022-11-26,wk inc flu hosp,sample,252,83
04,2022-11-19,1,2022-11-26,wk inc flu hosp,sample,253,162
04,2022-11-19,1,2022-11-26,wk inc flu hosp,sample,254,169
04,2022-11-19,1,2022-11-26,wk inc flu hosp,sample,255,186
04,2022-11-19,1,2022-11-26,wk inc flu hosp,sample,256,162
04,2022-11-19,1,2022-11-26,wk inc flu hosp,sample,257,129
04,2022-11-19,1,2022-11-26,wk inc flu hosp,sample,258,154
04,2022-11-19,1,2022-11-26,wk inc flu hosp,sample,259,108
04,2022-11-19,1,2022-11-26,wk inc flu hosp,sample,260,133
04,2022-11-19,1,2022-11-26,wk inc flu hosp,sample,261,130
04,2022-11-19,1,2022-11-26,wk inc flu hosp,sample,262,162
04,2022-11-19,1,2022-11-26,wk inc flu hosp,sample,263,191
04,2022-11-19,1,2022-11-26,wk inc flu hosp,sample,264,178
04,2022-11-19,1,2022-11-26,wk inc flu hosp,sample,265,144
04,2022-11-19,1,2022-11-26,wk inc flu hosp,sample,266,165
04,2022-11-19,1,2022-11-26,wk inc flu hosp,sample,267,155
04,2022-11-19,1,2022-11-26,wk inc flu hosp,sample,268,141
04,2022-11-19,1,2022-11-26,wk inc flu hosp,sample,269,138
04,2022-11-19,1,2022-11-26,wk inc flu hosp,sample,270,66
04,2022-11-19,1,2022-11-26,wk inc flu hosp,sample,271,112
04,2022-11-19,1,2022-11-26,wk inc flu hosp,sample,272,140
04,2022-11-19,1,2022-11-26,wk inc flu hosp,sample,273,119
04,2022-11-19,1,2022-11-26,wk inc flu hosp,sample,274,150
04,2022-11-19,1,2022-11-26,wk inc flu hosp,sample,275,68
04,2022-11-19,1,2022-11-26,wk inc flu hosp,sample,276,253
04,2022-11-19,1,2022-11-26,wk inc flu hosp,sample,277,188
04,2022-11-19,1,2022-11-26,wk inc flu hosp,sample,278,148
04,2022-11-19,1,2022-11-26,wk inc flu hosp,sample,279,173
04,2022-11-19,1,2022-11-26,wk inc flu hosp,sample,280,266
04,2022-11-19,1,2022-11-26,wk inc flu hosp,sample,281,175
04,2022-11-19,1,2022-11-26,wk inc flu hosp,sample,282,166
04,2022-11-19,1,2022-11-26,wk inc flu hosp,sample,283,152
04,2022-11-19,1,2022-11-26,wk inc flu hosp,sample,284,111
04,2022-11-19,1,2022-11-26,wk inc flu hosp,sample,285,227
04,2022-11-19,1,2022-11-26,wk inc flu hosp,sample,286,109
04,2022-11-19,1,2022-11-26,wk inc flu hosp,sample,287,69
04,2022-11-19,1,2022-11-26,wk inc flu hosp,sample,288,179
04,2022-11-19,1,2022-11-26,wk inc flu hosp,sample,289,134
04,2022-11-19,1,2022-11-26,wk inc flu hosp,sample,290,155
04,2022-11-19,1,2022-11-26,wk inc flu hosp,sample,291,130
04,2022-11-19,1,2022-11-26,wk inc flu hosp,sample,292,156
04,2022-11-19,1,2022-11-26,wk inc flu hosp,sample,293,177
04,2022-11-19,1,2022-11-26,wk inc flu hosp,sample,294,104
04,2022-11-19,1,2022-11-26,wk inc flu hosp,sample,295,153
04,2022-11-19,1,2022-11-26,wk inc flu hosp,sample,296,160
04,2022-11-19,1,2022-11-26,wk inc flu hosp,sample,297,201
04,2022-11-19,1,2022-11-26,wk inc flu hosp,sample,298,95
04,2022-11-19,1,2022-11-26,wk inc flu hosp,sample,299,207
04,2022-11-19,1,2022-11-26,wk inc flu hosp,sample,300,194
04,2022-11-19,2,2022-12-03,wk inc flu hosp,sample,201,158
04,2022-11-19,2,2022-12-03,wk inc flu hosp,sample,202,186
04,2022-11-19,2,2022-12-03,wk inc flu hosp,sample,203,102
04,2022-11-19,2,2022-12-03,wk inc flu hosp,sample,204,169
04,2022-11-19,2,2022-12-03,wk inc flu hosp,sample,205,86
04,2022-11-19,2,2022-12-03,wk inc flu hosp,sample,206,168
04,2022-11-19,2,2022-12-03,wk inc flu hosp,sample,207,169
04,2022-11-19,2,2022-12-03,wk inc flu hosp,sample,208,194
04,2022-11-19,2,2022-12-03,wk inc flu hosp,sample,209,122
04,2022-11-19,2,2022-12-03,wk inc flu hosp,sample,210,205
04,2022-11-19,2,2022-12-03,wk inc flu hosp,sample,211,161
04,2022-11-19,2,2022-12-03,wk inc flu hosp,sample,212,138
04,2022-11-19,2,2022-12-03,wk inc flu hosp,sample,213,123
04,2022-11-19,2,2022-12-03,wk inc flu hosp,sample,214,179
04,2022-11-19,2,2022-12-03,wk inc flu hosp,sample,215,132
04,2022-11-19,2,2022-12-03,wk inc flu hosp,sample,216,164
04,2022-11-19,2,2022-12-03,wk inc flu hosp,sample,217,135
04,2022-11-19,2,2022-12-03,wk inc flu hosp,sample,218,188
04,2022-11-19,2,2022-12-03,wk inc flu hosp,sample,219,179
04,2022-11-19,2,2022-12-03,wk inc flu hosp,sample,220,88
04,2022-11-19,2,2022-12-03,wk inc flu hosp,sample,221,140
04,2022-11-19,2,2022-12-03,wk inc flu hosp,sample,222,233
04,2022-11-19,2,2022-12-03,wk inc flu hosp,sample,223,188
04,2022-11-19,2,2022-12-03,wk inc flu hosp,sample,224,171
04,2022-11-19,2,2022-12-03,wk inc flu hosp,sample,225,192
04,2022-11-19,2,2022-12-03,wk inc flu hosp,sample,226,41
04,2022-11-19,2,2022-12-03,wk inc flu hosp,sample,227,154
04,2022-11-19,2,2022-12-03,wk inc flu hosp,sample,228,136
04,2022-11-19,2,2022-12-03,wk inc flu hosp,sample,229,132
04,2022-11-19,2,2022-12-03,wk inc flu hosp,sample,230,75
04,2022-11-19,2,2022-12-03,wk inc flu hosp,sample,231,123
04,2022-11-19,2,2022-12-03,wk inc flu hosp,sample,232,88
04,2022-11-19,2,2022-12-03,wk inc flu hosp,sample,233,123
04,2022-11-19,2,2022-12-03,wk inc flu hosp,sample,234,238
04,2022-11-19,2,2022-12-03,wk inc flu hosp,sample,235,154
04,2022-11-19,2,2022-12-03,wk inc flu hosp,sample,236,169
04,2022-11-19,2,2022-12-03,wk inc flu hosp,sample,237,152
04,2022-11-19,2,2022-12-03,wk inc flu hosp,sample,238,142
04,2022-11-19,2,2022-12-03,wk inc flu hosp,sample,239,141
04,2022-11-19,2,2022-12-03,wk inc flu hosp,sample,240,193
04,2022-11-19,2,2022-12-03,wk inc flu hosp,sample,241,143
04,2022-11-19,2,2022-12-03,wk inc flu hosp,sample,242,226
04,2022-11-19,2,2022-12-03,wk inc flu hosp,sample,243,196
04,2022-11-19,2,2022-12-03,wk inc flu hosp,sample,244,25
04,2022-11-19,2,2022-12-03,wk inc flu hosp,sample,245,104
04,2022-11-19,2,2022-12-03,wk inc flu hosp,sample,246,142
04,2022-11-19,2,2022-12-03,wk inc flu hosp,sample,247,165
04,2022-11-19,2,2022-12-03,wk inc flu hosp,sample,248,132
04,2022-11-19,2,2022-12-03,wk inc flu hosp,sample,249,174
04,2022-11-19,2,2022-12-03,wk inc flu hosp,sample,250,126
04,2022-11-19,2,2022-12-03,wk inc flu hosp,sample,251,148
04,2022-11-19,2,2022-12-03,wk inc flu hosp,sample,252,124
04,2022-11-19,2,2022-12-03,wk inc flu hosp,sample,253,176
04,2022-11-19,2,2022-12-03,wk inc flu hosp,sample,254,184
04,2022-11-19,2,2022-12-03,wk inc flu hosp,sample,255,188
04,2022-11-19,2,2022-12-03,wk inc flu hosp,sample,256,179
04,2022-11-19,2,2022-12-03,wk inc flu hosp,sample,257,111
04,2022-11-19,2,2022-12-03,wk inc flu hosp,sample,258,176
04,2022-11-19,2,2022-12-03,wk inc flu hosp,sample,259,118
04,2022-11-19,2,2022-12-03,wk inc flu hosp,sample,260,127
04,2022-11-19,2,2022-12-03,wk inc flu hosp,sample,261,119
04,2022-11-19,2,2022-12-03,wk inc flu hosp,sample,262,153
04,2022-11-19,2,2022-12-03,wk inc flu hosp,sample,263,188
04,2022-11-19,2,2022-12-03,wk inc flu hosp,sample,264,179
04,2022-11-19,2,2022-12-03,wk inc flu hosp,sample,265,152
04,2022-11-19,2,2022-12-03,wk inc flu hosp,sample,266,191
04,2022-11-19,2,2022-12-03,wk inc flu hosp,sample,267,141
04,2022-11-19,2,2022-12-03,wk inc flu hosp,sample,268,125
04,2022-11-19,2,2022-12-03,wk inc flu hosp,sample,269,136
04,2022-11-19,2,2022-12-03,wk inc flu hosp,sample,270,28
04,2022-11-19,2,2022-12-03,wk inc flu hosp,sample,271,122
04,2022-11-19,2,2022-12-03,wk inc flu hosp,sample,272,131
04,2022-11-19,2,2022-12-03,wk inc flu hosp,sample,273,92
04,2022-11-19,2,2022-12-03,wk inc flu hosp,sample,274,131
04,2022-11-19,2,2022-12-03,wk inc flu hosp,sample,275,42
04,2022-11-19,2,2022-12-03,wk inc flu hosp,sample,276,227
04,2022-11-19,2,2022-12-03,wk inc flu hosp,sample,277,186
04,2022-11-19,2,2022-12-03,wk inc flu hosp,sample,278,155
04,2022-11-19,2,2022-12-03,wk inc flu hosp,sample,279,153
04,2022-11-19,2,2022-12-03,wk inc flu hosp,sample,280,239
04,2022-11-19,2,2022-12-03,wk inc flu hosp,sample,281,145
04,2022-11-19,2,2022-12-03,wk inc flu hosp,sample,282,219
04,2022-11-19,2,2022-12-03,wk inc flu hosp,sample,283,127
04,2022-11-19,2,2022-12-03,wk inc flu hosp,sample,284,136
04,2022-11-19,2,2022-12-03,wk inc flu hosp,sample,285,226
04,2022-11-19,2,2022-12-03,wk inc flu hosp,sample,286,139
04,2022-11-19,2,2022-12-03,wk inc flu hosp,sample,287,69
04,2022-11-19,2,2022-12-03,wk inc flu hosp,sample,288,222
04,2022-11-19,2,2022-12-03,wk inc flu hosp,sample,289,124
04,2022-11-19,2,2022-12-03,wk inc flu hosp,sample,290,143
04,2022-11-19,2,2022-12-03,wk inc flu hosp,sample,291,126
04,2022-11-19,2,2022-12-03,wk inc flu hosp,sample,292,155
04,2022-11-19,2,2022-12-03,wk inc flu hosp,sample,293,192
04,2022-11-19,2,2022-12-03,wk inc flu hosp,sample,294,86
04,2022-11-19,2,2022-12-03,wk inc flu hosp,sample,295,140
04,2022-11-19,2,2022-12-03,wk inc flu hosp,sample,296,177
04,2022-11-19,2,2022-12-03,wk inc flu hosp,sample,297,196
04,2022-11-19,2,2022-12-03,wk inc flu hosp,sample,298,46
04,2022-11-19,2,2022-12-03,wk inc flu hosp,sample,299,195
04,2022-11-19,2,2022-12-03,wk inc flu hosp,sample,300,214
05,2022-11-19,0,2022-11-19,wk inc flu hosp,sample,301,229
05,2022-11-19,0,2022-11-19,wk inc flu hosp,sample,302,226
05,2022-11-19,0,2022-11-19,wk inc flu hosp,sample,303,242
05,2022-11-19,0,2022-11-19,wk inc flu hosp,sample,304,237
05,2022-11-19,0,2022-11-19,wk inc flu hosp,sample,305,165
05,2022-11-19,0,2022-11-19,wk inc flu hosp,sample,306,237
05,2022-11-19,0,2022-11-19,wk inc flu hosp,sample,307,235
05,2022-11-19,0,2022-11-19,wk inc flu hosp,sample,308,227
05,2022-11-19,0,2022-11-19,wk inc flu hosp,sample,309,255
05,2022-11-19,0,2022-11-19,wk inc flu hosp,sample,310,238
05,2022-11-19,0,2022-11-19,wk inc flu hosp,sample,311,238
05,2022-11-19,0,2022-11-19,wk inc flu hosp,sample,312,226
05,2022-11-19,0,2022-11-19,wk inc flu hosp,sample,313,222
05,2022-11-19,0,2022-11-19,wk inc flu hosp,sample,314,219
05,2022-11-19,0,2022-11-19,wk inc flu hosp,sample,315,233
05,2022-11-19,0,2022-11-19,wk inc flu hosp,sample,316,232
05,2022-11-19,0,2022-11-19,wk inc flu hosp,sample,317,223
05,2022-11-19,0,2022-11-19,wk inc flu hosp,sample,318,236
05,2022-11-19,0,2022-11-19,wk inc flu hosp,sample,319,235
05,2022-11-19,0,2022-11-19,wk inc flu hosp,sample,320,212
05,2022-11-19,0,2022-11-19,wk inc flu hosp,sample,321,228
05,2022-11-19,0,2022-11-19,wk inc flu hosp,sample,322,232
05,2022-11-19,0,2022-11-19,wk inc flu hosp,sample,323,234
05,2022-11-19,0,2022-11-19,wk inc flu hosp,sample,324,243
05,2022-11-19,0,2022-11-19,wk inc flu hosp,sample,325,201
05,2022-11-19,0,2022-11-19,wk inc flu hosp,sample,326,224
05,2022-11-19,0,2022-11-19,wk inc flu hosp,sample,327,236
05,2022-11-19,0,2022-11-19,wk inc flu hosp,sample,328,243
05,2022-11-19,0,2022-11-19,wk inc flu hosp,sample,329,246
05,2022-11-19,0,2022-11-19,wk inc flu hosp,sample,330,229
05,2022-11-19,0,2022-11-19,wk inc flu hosp,sample,331,227
05,2022-11-19,0,2022-11-19,wk inc flu hosp,sample,332,205
05,2022-11-19,0,2022-11-19,wk inc flu hosp,sample,333,237
05,2022-11-19,0,2022-11-19,wk inc flu hosp,sample,334,241
05,2022-11-19,0,2022-11-19,wk inc flu hosp,sample,335,234
05,2022-11-19,0,2022-11-19,wk inc flu hosp,sample,336,216
05,2022-11-19,0,2022-11-19,wk inc flu hosp,sample,337,220
05,2022-11-19,0,2022-11-19,wk inc flu hosp,sample,338,240
05,2022-11-19,0,2022-11-19,wk inc flu hosp,sample,339,236
05,2022-11-19,0,2022-11-19,wk inc flu hosp,sample,340,246
05,2022-11-19,0,2022-11-19,wk inc flu hosp,sample,341,233
05,2022-11-19,0,2022-11-19,wk inc flu hosp,sample,342,240
05,2022-11-19,0,2022-11-19,wk inc flu hosp,sample,343,227
05,2022-11-19,0,2022-11-19,wk inc flu hosp,sample,344,205
05,2022-11-19,0,2022-11-19,wk inc flu hosp,sample,345,238
05,2022-11-19,0,2022-11-19,wk inc flu hosp,sample,346,250
05,2022-11-19,0,2022-11-19,wk inc flu hosp,sample,347,209
05,2022-11-19,0,2022-11-19,wk inc flu hosp,sample,348,235
05,2022-11-19,0,2022-11-19,wk inc flu hosp,sample,349,237
05,2022-11-19,0,2022-11-19,wk inc flu hosp,sample,350,254
05,2022-11-19,0,2022-11-19,wk inc flu hosp,sample,351,227
05,2022-11-19,0,2022-11-19,wk inc flu hosp,sample,352,233
05,2022-11-19,0,2022-11-19,wk inc flu hosp,sample,353,221
05,2022-11-19,0,2022-11-19,wk inc flu hosp,sample,354,219
05,2022-11-19,0,2022-11-19,wk inc flu hosp,sample,355,237
05,2022-11-19,0,2022-11-19,wk inc flu hosp,sample,356,228
05,2022-11-19,0,2022-11-19,wk inc flu hosp,sample,357,227
05,2022-11-19,0,2022-11-19,wk inc flu hosp,sample,358,223
05,2022-11-19,0,2022-11-19,wk inc flu hosp,sample,359,229
05,2022-11-19,0,2022-11-19,wk inc flu hosp,sample,360,232
05,2022-11-19,0,2022-11-19,wk inc flu hosp,sample,361,224
05,2022-11-19,0,2022-11-19,wk inc flu hosp,sample,362,232
05,2022-11-19,0,2022-11-19,wk inc flu hosp,sample,363,240
05,2022-11-19,0,2022-11-19,wk inc flu hosp,sample,364,237
05,2022-11-19,0,2022-11-19,wk inc flu hosp,sample,365,228
05,2022-11-19,0,2022-11-19,wk inc flu hosp,sample,366,228
05,2022-11-19,0,2022-11-19,wk inc flu hosp,sample,367,229
05,2022-11-19,0,2022-11-19,wk inc flu hosp,sample,368,239
05,2022-11-19,0,2022-11-19,wk inc flu hosp,sample,369,220
05,2022-11-19,0,2022-11-19,wk inc flu hosp,sample,370,224
05,2022-11-19,0,2022-11-19,wk inc flu hosp,sample,371,261
05,2022-11-19,0,2022-11-19,wk inc flu hosp,sample,372,233
05,2022-11-19,0,2022-11-19,wk inc flu hosp,sample,373,227
05,2022-11-19,0,2022-11-19,wk inc flu hosp,sample,374,241
05,2022-11-19,0,2022-11-19,wk inc flu hosp,sample,375,241
05,2022-11-19,0,2022-11-19,wk inc flu hosp,sample,376,205
05,2022-11-19,0,2022-11-19,wk inc flu hosp,sample,377,234
05,2022-11-19,0,2022-11-19,wk inc flu hosp,sample,378,227
05,2022-11-19,0,2022-11-19,wk inc flu hosp,sample,379,229
05,2022-11-19,0,2022-11-19,wk inc flu hosp,sample,380,239
05,2022-11-19,0,2022-11-19,wk inc flu hosp,sample,381,239
05,2022-11-19,0,2022-11-19,wk inc flu hosp,sample,382,235
05,2022-11-19,0,2022-11-19,wk inc flu hosp,sample,383,223
05,2022-11-19,0,2022-11-19,wk inc flu hosp,sample,384,243
05,2022-11-19,0,2022-11-19,wk inc flu hosp,sample,385,219
05,2022-11-19,0,2022-11-19,wk inc flu hosp,sample,386,262
05,2022-11-19,0,2022-11-19,wk inc flu hosp,sample,387,227
05,2022-11-19,0,2022-11-19,wk inc flu hosp,sample,388,232
05,2022-11-19,0,2022-11-19,wk inc flu hosp,sample,389,249
05,2022-11-19,0,2022-11-19,wk inc flu hosp,sample,390,237
05,2022-11-19,0,2022-11-19,wk inc flu hosp,sample,391,223
05,2022-11-19,0,2022-11-19,wk inc flu hosp,sample,392,232
05,2022-11-19,0,2022-11-19,wk inc flu hosp,sample,393,224
05,2022-11-19,0,2022-11-19,wk inc flu hosp,sample,394,236
05,2022-11-19,0,2022-11-19,wk inc flu hosp,sample,395,227
05,2022-11-19,0,2022-11-19,wk inc flu hosp,sample,396,210
05,2022-11-19,0,2022-11-19,wk inc flu hosp,sample,397,228
05,2022-11-19,0,2022-11-19,wk inc flu hosp,sample,398,231
05,2022-11-19,0,2022-11-19,wk inc flu hosp,sample,399,241
05,2022-11-19,0,2022-11-19,wk inc flu hosp,sample,400,231
05,2022-11-19,1,2022-11-26,wk inc flu hosp,sample,301,234
05,2022-11-19,1,2022-11-26,wk inc flu hosp,sample,302,217
05,2022-11-19,1,2022-11-26,wk inc flu hosp,sample,303,240
05,2022-11-19,1,2022-11-26,wk inc flu hosp,sample,304,239
05,2022-11-19,1,2022-11-26,wk inc flu hosp,sample,305,171
05,2022-11-19,1,2022-11-26,wk inc flu hosp,sample,306,236
05,2022-11-19,1,2022-11-26,wk inc flu hosp,sample,307,237
05,2022-11-19,1,2022-11-26,wk inc flu hosp,sample,308,208
05,2022-11-19,1,2022-11-26,wk inc flu hosp,sample,309,256
05,2022-11-19,1,2022-11-26,wk inc flu hosp,sample,310,238
05,2022-11-19,1,2022-11-26,wk inc flu hosp,sample,311,239
05,2022-11-19,1,2022-11-26,wk inc flu hosp,sample,312,214
05,2022-11-19,1,2022-11-26,wk inc flu hosp,sample,313,218
05,2022-11-19,1,2022-11-26,wk inc flu hosp,sample,314,209
05,2022-11-19,1,2022-11-26,wk inc flu hosp,sample,315,228
05,2022-11-19,1,2022-11-26,wk inc flu hosp,sample,316,227
05,2022-11-19,1,2022-11-26,wk inc flu hosp,sample,317,218
05,2022-11-19,1,2022-11-26,wk inc flu hosp,sample,318,236
05,2022-11-19,1,2022-11-26,wk inc flu hosp,sample,319,227
05,2022-11-19,1,2022-11-26,wk inc flu hosp,sample,320,177
05,2022-11-19,1,2022-11-26,wk inc flu hosp,sample,321,235
05,2022-11-19,1,2022-11-26,wk inc flu hosp,sample,322,233
05,2022-11-19,1,2022-11-26,wk inc flu hosp,sample,323,215
05,2022-11-19,1,2022-11-26,wk inc flu hosp,sample,324,244
05,2022-11-19,1,2022-11-26,wk inc flu hosp,sample,325,172
05,2022-11-19,1,2022-11-26,wk inc flu hosp,sample,326,174
05,2022-11-19,1,2022-11-26,wk inc flu hosp,sample,327,248
05,2022-11-19,1,2022-11-26,wk inc flu hosp,sample,328,255
05,2022-11-19,1,2022-11-26,wk inc flu hosp,sample,329,248
05,2022-11-19,1,2022-11-26,wk inc flu hosp,sample,330,234
05,2022-11-19,1,2022-11-26,wk inc flu hosp,sample,331,215
05,2022-11-19,1,2022-11-26,wk inc flu hosp,sample,332,186
05,2022-11-19,1,2022-11-26,wk inc flu hosp,sample,333,242
05,2022-11-19,1,2022-11-26,wk inc flu hosp,sample,334,245
05,2022-11-19,1,2022-11-26,wk inc flu hosp,sample,335,219
05,2022-11-19,1,2022-11-26,wk inc flu hosp,sample,336,219
05,2022-11-19,1,2022-11-26,wk inc flu hosp,sample,337,203
05,2022-11-19,1,2022-11-26,wk inc flu hosp,sample,338,239
05,2022-11-19,1,2022-11-26,wk inc flu hosp,sample,339,244
05,2022-11-19,1,2022-11-26,wk inc flu hosp,sample,340,260
05,2022-11-19,1,2022-11-26,wk inc flu hosp,sample,341,232
05,2022-11-19,1,2022-11-26,wk inc flu hosp,sample,342,232
05,2022-11-19,1,2022-11-26,wk inc flu hosp,sample,343,219
05,2022-11-19,1,2022-11-26,wk inc flu hosp,sample,344,209
05,2022-11-19,1,2022-11-26,wk inc flu hosp,sample,345,245
05,2022-11-19,1,2022-11-26,wk inc flu hosp,sample,346,269
05,2022-11-19,1,2022-11-26,wk inc flu hosp,sample,347,189
05,2022-11-19,1,2022-11-26,wk inc flu hosp,sample,348,204
05,2022-11-19,1,2022-11-26,wk inc flu hosp,sample,349,223
05,2022-11-19,1,2022-11-26,wk inc flu hosp,sample,350,269
05,2022-11-19,1,2022-11-26,wk inc flu hosp,sample,351,219
05,2022-11-19,1,2022-11-26,wk inc flu hosp,sample,352,230
05,2022-11-19,1,2022-11-26,wk inc flu hosp,sample,353,192
05,2022-11-19,1,2022-11-26,wk inc flu hosp,sample,354,194
05,2022-11-19,1,2022-11-26,wk inc flu hosp,sample,355,229
05,2022-11-19,1,2022-11-26,wk inc flu hosp,sample,356,210
05,2022-11-19,1,2022-11-26,wk inc flu hosp,sample,357,215
05,2022-11-19,1,2022-11-26,wk inc flu hosp,sample,358,211
05,2022-11-19,1,2022-11-26,wk inc flu hosp,sample,359,227
05,2022-11-19,1,2022-11-26,wk inc flu hosp,sample,360,226
05,2022-11-19,1,2022-11-26,wk inc flu hosp,sample,361,217
05,2022-11-19,1,2022-11-26,wk inc flu hosp,sample,362,226
05,2022-11-19,1,2022-11-26,wk inc flu hosp,sample,363,238
05,2022-11-19,1,2022-11-26,wk inc flu hosp,sample,364,253
05,2022-11-19,1,2022-11-26,wk inc flu hosp,sample,365,211
05,2022-11-19,1,2022-11-26,wk inc flu hosp,sample,366,213
05,2022-11-19,1,2022-11-26,wk inc flu hosp,sample,367,227
05,2022-11-19,1,2022-11-26,wk inc flu hosp,sample,368,227
05,2022-11-19,1,2022-11-26,wk inc flu hosp,sample,369,203
05,2022-11-19,1,2022-11-26,wk inc flu hosp,sample,370,198
05,2022-11-19,1,2022-11-26,wk inc flu hosp,sample,371,295
05,2022-11-19,1,2022-11-26,wk inc flu hosp,sample,372,226
05,2022-11-19,1,2022-11-26,wk inc flu hosp,sample,373,231
05,2022-11-19,1,2022-11-26,wk inc flu hosp,sample,374,242
05,2022-11-19,1,2022-11-26,wk inc flu hosp,sample,375,259
05,2022-11-19,1,2022-11-26,wk inc flu hosp,sample,376,195
05,2022-11-19,1,2022-11-26,wk inc flu hosp,sample,377,232
05,2022-11-19,1,2022-11-26,wk inc flu hosp,sample,378,233
05,2022-11-19,1,2022-11-26,wk inc flu hosp,sample,379,220
05,2022-11-19,1,2022-11-26,wk inc flu hosp,sample,380,233
05,2022-11-19,1,2022-11-26,wk inc flu hosp,sample,381,226
05,2022-11-19,1,2022-11-26,wk inc flu hosp,sample,382,231
05,2022-11-19,1,2022-11-26,wk inc flu hosp,sample,383,219
05,2022-11-19,1,2022-11-26,wk inc flu hosp,sample,384,249
05,2022-11-19,1,2022-11-26,wk inc flu hosp,sample,385,180
05,2022-11-19,1,2022-11-26,wk inc flu hosp,sample,386,334
05,2022-11-19,1,2022-11-26,wk inc flu hosp,sample,387,233
05,2022-11-19,1,2022-11-26,wk inc flu hosp,sample,388,224
05,2022-11-19,1,2022-11-26,wk inc flu hosp,sample,389,250
05,2022-11-19,1,2022-11-26,wk inc flu hosp,sample,390,252
05,2022-11-19,1,2022-11-26,wk inc flu hosp,sample,391,205
05,2022-11-19,1,2022-11-26,wk inc flu hosp,sample,392,214
05,2022-11-19,1,2022-11-26,wk inc flu hosp,sample,393,222
05,2022-11-19,1,2022-11-26,wk inc flu hosp,sample,394,229
05,2022-11-19,1,2022-11-26,wk inc flu hosp,sample,395,236
05,2022-11-19,1,2022-11-26,wk inc flu hosp,sample,396,206
05,2022-11-19,1,2022-11-26,wk inc flu hosp,sample,397,205
05,2022-11-19,1,2022-11-26,wk inc flu hosp,sample,398,231
05,2022-11-19,1,2022-11-26,wk inc flu hosp,sample,399,243
05,2022-11-19,1,2022-11-26,wk inc flu hosp,sample,400,227
05,2022-11-19,2,2022-12-03,wk inc flu hosp,sample,301,237
05,2022-11-19,2,2022-12-03,wk inc flu hosp,sample,302,224
05,2022-11-19,2,2022-12-03,wk inc flu hosp,sample,303,258
05,2022-11-19,2,2022-12-03,wk inc flu hosp,sample,304,275
05,2022-11-19,2,2022-12-03,wk inc flu hosp,sample,305,155
05,2022-11-19,2,2022-12-03,wk inc flu hosp,sample,306,249
05,2022-11-19,2,2022-12-03,wk inc flu hosp,sample,307,230
05,2022-11-19,2,2022-12-03,wk inc flu hosp,sample,308,224
05,2022-11-19,2,2022-12-03,wk inc flu hosp,sample,309,299
05,2022-11-19,2,2022-12-03,wk inc flu hosp,sample,310,250
05,2022-11-19,2,2022-12-03,wk inc flu hosp,sample,311,246
05,2022-11-19,2,2022-12-03,wk inc flu hosp,sample,312,236
05,2022-11-19,2,2022-12-03,wk inc flu hosp,sample,313,226
05,2022-11-19,2,2022-12-03,wk inc flu hosp,sample,314,209
05,2022-11-19,2,2022-12-03,wk inc flu hosp,sample,315,246
05,2022-11-19,2,2022-12-03,wk inc flu hosp,sample,316,242
05,2022-11-19,2,2022-12-03,wk inc flu hosp,sample,317,207
05,2022-11-19,2,2022-12-03,wk inc flu hosp,sample,318,232
05,2022-11-19,2,2022-12-03,wk inc flu hosp,sample,319,230
05,2022-11-19,2,2022-12-03,wk inc flu hosp,sample,320,176
05,2022-11-19,2,2022-12-03,wk inc flu hosp,sample,321,237
05,2022-11-19,2,2022-12-03,wk inc flu hosp,sample,322,233
05,2022-11-19,2,2022-12-03,wk inc flu hosp,sample,323,227
05,2022-11-19,2,2022-12-03,wk inc flu hosp,sample,324,314
05,2022-11-19,2,2022-12-03,wk inc flu hosp,sample,325,168
05,2022-11-19,2,2022-12-03,wk inc flu hosp,sample,326,188
05,2022-11-19,2,2022-12-03,wk inc flu hosp,sample,327,251
05,2022-11-19,2,2022-12-03,wk inc flu hosp,sample,328,305
05,2022-11-19,2,2022-12-03,wk inc flu hosp,sample,329,280
05,2022-11-19,2,2022-12-03,wk inc flu hosp,sample,330,261
05,2022-11-19,2,2022-12-03,wk inc flu hosp,sample,331,206
05,2022-11-19,2,2022-12-03,wk inc flu hosp,sample,332,213
05,2022-11-19,2,2022-12-03,wk inc flu hosp,sample,333,246
05,2022-11-19,2,2022-12-03,wk inc flu hosp,sample,334,277
05,2022-11-19,2,2022-12-03,wk inc flu hosp,sample,335,197
05,2022-11-19,2,2022-12-03,wk inc flu hosp,sample,336,239
05,2022-11-19,2,2022-12-03,wk inc flu hosp,sample,337,218
05,2022-11-19,2,2022-12-03,wk inc flu hosp,sample,338,256
05,2022-11-19,2,2022-12-03,wk inc flu hosp,sample,339,252
05,2022-11-19,2,2022-12-03,wk inc flu hosp,sample,340,279
05,2022-11-19,2,2022-12-03,wk inc flu hosp,sample,341,233
05,2022-11-19,2,2022-12-03,wk inc flu hosp,sample,342,228
05,2022-11-19,2,2022-12-03,wk inc flu hosp,sample,343,220
05,2022-11-19,2,2022-12-03,wk inc flu hosp,sample,344,228
05,2022-11-19,2,2022-12-03,wk inc flu hosp,sample,345,257
05,2022-11-19,2,2022-12-03,wk inc flu hosp,sample,346,289
05,2022-11-19,2,2022-12-03,wk inc flu hosp,sample,347,203
05,2022-11-19,2,2022-12-03,wk inc flu hosp,sample,348,201
05,2022-11-19,2,2022-12-03,wk inc flu hosp,sample,349,215
05,2022-11-19,2,2022-12-03,wk inc flu hosp,sample,350,284
05,2022-11-19,2,2022-12-03,wk inc flu hosp,sample,351,231
05,2022-11-19,2,2022-12-03,wk inc flu hosp,sample,352,241
05,2022-11-19,2,2022-12-03,wk inc flu hosp,sample,353,195
05,2022-11-19,2,2022-12-03,wk inc flu hosp,sample,354,215
05,2022-11-19,2,2022-12-03,wk inc flu hosp,sample,355,244
05,2022-11-19,2,2022-12-03,wk inc flu hosp,sample,356,214
05,2022-11-19,2,2022-12-03,wk inc flu hosp,sample,357,225
05,2022-11-19,2,2022-12-03,wk inc flu hosp,sample,358,237
05,2022-11-19,2,2022-12-03,wk inc flu hosp,sample,359,236
05,2022-11-19,2,2022-12-03,wk inc flu hosp,sample,360,242
05,2022-11-19,2,2022-12-03,wk inc flu hosp,sample,361,210
05,2022-11-19,2,2022-12-03,wk inc flu hosp,sample,362,243
05,2022-11-19,2,2022-12-03,wk inc flu hosp,sample,363,243
05,2022-11-19,2,2022-12-03,wk inc flu hosp,sample,364,252
05,2022-11-19,2,2022-12-03,wk inc flu hosp,sample,365,212
05,2022-11-19,2,2022-12-03,wk inc flu hosp,sample,366,240
05,2022-11-19,2,2022-12-03,wk inc flu hosp,sample,367,233
05,2022-11-19,2,2022-12-03,wk inc flu hosp,sample,368,241
05,2022-11-19,2,2022-12-03,wk inc flu hosp,sample,369,231
05,2022-11-19,2,2022-12-03,wk inc flu hosp,sample,370,221
05,2022-11-19,2,2022-12-03,wk inc flu hosp,sample,371,316
05,2022-11-19,2,2022-12-03,wk inc flu hosp,sample,372,238
05,2022-11-19,2,2022-12-03,wk inc flu hosp,sample,373,249
05,2022-11-19,2,2022-12-03,wk inc flu hosp,sample,374,241
05,2022-11-19,2,2022-12-03,wk inc flu hosp,sample,375,280
05,2022-11-19,2,2022-12-03,wk inc flu hosp,sample,376,204
05,2022-11-19,2,2022-12-03,wk inc flu hosp,sample,377,251
05,2022-11-19,2,2022-12-03,wk inc flu hosp,sample,378,244
05,2022-11-19,2,2022-12-03,wk inc flu hosp,sample,379,225
05,2022-11-19,2,2022-12-03,wk inc flu hosp,sample,380,241
05,2022-11-19,2,2022-12-03,wk inc flu hosp,sample,381,236
05,2022-11-19,2,2022-12-03,wk inc flu hosp,sample,382,241
05,2022-11-19,2,2022-12-03,wk inc flu hosp,sample,383,226
05,2022-11-19,2,2022-12-03,wk inc flu hosp,sample,384,255
05,2022-11-19,2,2022-12-03,wk inc flu hosp,sample,385,202
05,2022-11-19,2,2022-12-03,wk inc flu hosp,sample,386,343
05,2022-11-19,2,2022-12-03,wk inc flu hosp,sample,387,246
05,2022-11-19,2,2022-12-03,wk inc flu hosp,sample,388,242
05,2022-11-19,2,2022-12-03,wk inc flu hosp,sample,389,270
05,2022-11-19,2,2022-12-03,wk inc flu hosp,sample,390,285
05,2022-11-19,2,2022-12-03,wk inc flu hosp,sample,391,218
05,2022-11-19,2,2022-12-03,wk inc flu hosp,sample,392,230
05,2022-11-19,2,2022-12-03,wk inc flu hosp,sample,393,229
05,2022-11-19,2,2022-12-03,wk inc flu hosp,sample,394,231
05,2022-11-19,2,2022-12-03,wk inc flu hosp,sample,395,257
05,2022-11-19,2,2022-12-03,wk inc flu hosp,sample,396,223
05,2022-11-19,2,2022-12-03,wk inc flu hosp,sample,397,214
05,2022-11-19,2,2022-12-03,wk inc flu hosp,sample,398,252
05,2022-11-19,2,2022-12-03,wk inc flu hosp,sample,399,264
05,2022-11-19,2,2022-12-03,wk inc flu hosp,sample,400,238
US,2022-11-19,0,2022-11-19,wk inc flu hosp,sample,5201,8700
US,2022-11-19,0,2022-11-19,wk inc flu hosp,sample,5202,9674
US,2022-11-19,0,2022-11-19,wk inc flu hosp,sample,5203,8586
US,2022-11-19,0,2022-11-19,wk inc flu hosp,sample,5204,8703
US,2022-11-19,0,2022-11-19,wk inc flu hosp,sample,5205,8846
US,2022-11-19,0,2022-11-19,wk inc flu hosp,sample,5206,8704
US,2022-11-19,0,2022-11-19,wk inc flu hosp,sample,5207,8576
US,2022-11-19,0,2022-11-19,wk inc flu hosp,sample,5208,8525
US,2022-11-19,0,2022-11-19,wk inc flu hosp,sample,5209,8650
US,2022-11-19,0,2022-11-19,wk inc flu hosp,sample,5210,8305
US,2022-11-19,0,2022-11-19,wk inc flu hosp,sample,5211,6993
US,2022-11-19,0,2022-11-19,wk inc flu hosp,sample,5212,6824
US,2022-11-19,0,2022-11-19,wk inc flu hosp,sample,5213,8723
US,2022-11-19,0,2022-11-19,wk inc flu hosp,sample,5214,8656
US,2022-11-19,0,2022-11-19,wk inc flu hosp,sample,5215,8988
US,2022-11-19,0,2022-11-19,wk inc flu hosp,sample,5216,7670
US,2022-11-19,0,2022-11-19,wk inc flu hosp,sample,5217,8324
US,2022-11-19,0,2022-11-19,wk inc flu hosp,sample,5218,8498
US,2022-11-19,0,2022-11-19,wk inc flu hosp,sample,5219,8814
US,2022-11-19,0,2022-11-19,wk inc flu hosp,sample,5220,8651
US,2022-11-19,0,2022-11-19,wk inc flu hosp,sample,5221,8421
US,2022-11-19,0,2022-11-19,wk inc flu hosp,sample,5222,8536
US,2022-11-19,0,2022-11-19,wk inc flu hosp,sample,5223,9007
US,2022-11-19,0,2022-11-19,wk inc flu hosp,sample,5224,9274
US,2022-11-19,0,2022-11-19,wk inc flu hosp,sample,5225,8714
US,2022-11-19,0,2022-11-19,wk inc flu hosp,sample,5226,8983
US,2022-11-19,0,2022-11-19,wk inc flu hosp,sample,5227,8728
US,2022-11-19,0,2022-11-19,wk inc flu hosp,sample,5228,8327
US,2022-11-19,0,2022-11-19,wk inc flu hosp,sample,5229,12444
US,2022-11-19,0,2022-11-19,wk inc flu hosp,sample,5230,8708
US,2022-11-19,0,2022-11-19,wk inc flu hosp,sample,5231,9013
US,2022-11-19,0,2022-11-19,wk inc flu hosp,sample,5232,8965
US,2022-11-19,0,2022-11-19,wk inc flu hosp,sample,5233,7954
US,2022-11-19,0,2022-11-19,wk inc flu hosp,sample,5234,8995
US,2022-11-19,0,2022-11-19,wk inc flu hosp,sample,5235,9020
US,2022-11-19,0,2022-11-19,wk inc flu hosp,sample,5236,8434
US,2022-11-19,0,2022-11-19,wk inc flu hosp,sample,5237,8375
US,2022-11-19,0,2022-11-19,wk inc flu hosp,sample,5238,8712
US,2022-11-19,0,2022-11-19,wk inc flu hosp,sample,5239,8499
US,2022-11-19,0,2022-11-19,wk inc flu hosp,sample,5240,6641
US,2022-11-19,0,2022-11-19,wk inc flu hosp,sample,5241,9167
US,2022-11-19,0,2022-11-19,wk inc flu hosp,sample,5242,8706
US,2022-11-19,0,2022-11-19,wk inc flu hosp,sample,5243,8400
US,2022-11-19,0,2022-11-19,wk inc flu hosp,sample,5244,9014
US,2022-11-19,0,2022-11-19,wk inc flu hosp,sample,5245,9040
US,2022-11-19,0,2022-11-19,wk inc flu hosp,sample,5246,7964
US,2022-11-19,0,2022-11-19,wk inc flu hosp,sample,5247,8511
US,2022-11-19,0,2022-11-19,wk inc flu hosp,sample,5248,8354
US,2022-11-19,0,2022-11-19,wk inc flu hosp,sample,5249,8656
US,2022-11-19,0,2022-11-19,wk inc flu hosp,sample,5250,8755
US,2022-11-19,0,2022-11-19,wk inc flu hosp,sample,5251,9195
US,2022-11-19,0,2022-11-19,wk inc flu hosp,sample,5252,8956
US,2022-11-19,0,2022-11-19,wk inc flu hosp,sample,5253,9692
US,2022-11-19,0,2022-11-19,wk inc flu hosp,sample,5254,8649
US,2022-11-19,0,2022-11-19,wk inc flu hosp,sample,5255,8690
US,2022-11-19,0,2022-11-19,wk inc flu hosp,sample,5256,8913
US,2022-11-19,0,2022-11-19,wk inc flu hosp,sample,5257,8876
US,2022-11-19,0,2022-11-19,wk inc flu hosp,sample,5258,8401
US,2022-11-19,0,2022-11-19,wk inc flu hosp,sample,5259,8564
US,2022-11-19,0,2022-11-19,wk inc flu hosp,sample,5260,9320
US,2022-11-19,0,2022-11-19,wk inc flu hosp,sample,5261,8947
US,2022-11-19,0,2022-11-19,wk inc flu hosp,sample,5262,8817
US,2022-11-19,0,2022-11-19,wk inc flu hosp,sample,5263,9781
US,2022-11-19,0,2022-11-19,wk inc flu hosp,sample,5264,8729
US,2022-11-19,0,2022-11-19,wk inc flu hosp,sample,5265,8778
US,2022-11-19,0,2022-11-19,wk inc flu hosp,sample,5266,8972
US,2022-11-19,0,2022-11-19,wk inc flu hosp,sample,5267,8852
US,2022-11-19,0,2022-11-19,wk inc flu hosp,sample,5268,8770
US,2022-11-19,0,2022-11-19,wk inc flu hosp,sample,5269,10313
US,2022-11-19,0,2022-11-19,wk inc flu hosp,sample,5270,8346
US,2022-11-19,0,2022-11-19,wk inc flu hosp,sample,5271,8415
US,2022-11-19,0,2022-11-19,wk inc flu hosp,sample,5272,9126
US,2022-11-19,0,2022-11-19,wk inc flu hosp,sample,5273,8801
US,2022-11-19,0,2022-11-19,wk inc flu hosp,sample,5274,8802
US,2022-11-19,0,2022-11-19,wk inc flu hosp,sample,5275,8741
US,2022-11-19,0,2022-11-19,wk inc flu hosp,sample,5276,9144
US,2022-11-19,0,2022-11-19,wk inc flu hosp,sample,5277,9057
US,2022-11-19,0,2022-11-19,wk inc flu hosp,sample,5278,8889
US,2022-11-19,0,2022-11-19,wk inc flu hosp,sample,5279,8287
US,2022-11-19,0,2022-11-19,wk inc flu hosp,sample,5280,8385
US,2022-11-19,0,2022-11-19,wk inc flu hosp,sample,5281,8268
US,2022-11-19,0,2022-11-19,wk inc flu hosp,sample,5282,8384
US,2022-11-19,0,2022-11-19,wk inc flu hosp,sample,5283,8518
US,2022-11-19,0,2022-11-19,wk inc flu hosp,sample,5284,8804
US,2022-11-19,0,2022-11-19,wk inc flu hosp,sample,5285,8578
US,2022-11-19,0,2022-11-19,wk inc flu hosp,sample,5286,9102
US,2022-11-19,0,2022-11-19,wk inc flu hosp,sample,5287,8365
US,2022-11-19,0,2022-11-19,wk inc flu hosp,sample,5288,9144
US,2022-11-19,0,2022-11-19,wk inc flu hosp,sample,5289,9312
US,2022-11-19,0,2022-11-19,wk inc flu hosp,sample,5290,8492
US,2022-11-19,0,2022-11-19,wk inc flu hosp,sample,5291,8799
US,2022-11-19,0,2022-11-19,wk inc flu hosp,sample,5292,10417
US,2022-11-19,0,2022-11-19,wk inc flu hosp,sample,5293,8491
US,2022-11-19,0,2022-11-19,wk inc flu hosp,sample,5294,8446
US,2022-11-19,0,2022-11-19,wk inc flu hosp,sample,5295,7858
US,2022-11-19,0,2022-11-19,wk inc flu hosp,sample,5296,9714
US,2022-11-19,0,2022-11-19,wk inc flu hosp,sample,5297,8750
US,2022-11-19,0,2022-11-19,wk inc flu hosp,sample,5298,9052
US,2022-11-19,0,2022-11-19,wk inc flu hosp,sample,5299,8794
US,2022-11-19,0,2022-11-19,wk inc flu hosp,sample,5300,9283
US,2022-11-19,1,2022-11-26,wk inc flu hosp,sample,5201,8355
US,2022-11-19,1,2022-11-26,wk inc flu hosp,sample,5202,9172
US,2022-11-19,1,2022-11-26,wk inc flu hosp,sample,5203,8025
US,2022-11-19,1,2022-11-26,wk inc flu hosp,sample,5204,8566
US,2022-11-19,1,2022-11-26,wk inc flu hosp,sample,5205,8634
US,2022-11-19,1,2022-11-26,wk inc flu hosp,sample,5206,8862
US,2022-11-19,1,2022-11-26,wk inc flu hosp,sample,5207,8081
US,2022-11-19,1,2022-11-26,wk inc flu hosp,sample,5208,8561
US,2022-11-19,1,2022-11-26,wk inc flu hosp,sample,5209,8622
US,2022-11-19,1,2022-11-26,wk inc flu hosp,sample,5210,8261
US,2022-11-19,1,2022-11-26,wk inc flu hosp,sample,5211,6248
US,2022-11-19,1,2022-11-26,wk inc flu hosp,sample,5212,8032
US,2022-11-19,1,2022-11-26,wk inc flu hosp,sample,5213,8984
US,2022-11-19,1,2022-11-26,wk inc flu hosp,sample,5214,8653
US,2022-11-19,1,2022-11-26,wk inc flu hosp,sample,5215,8846
US,2022-11-19,1,2022-11-26,wk inc flu hosp,sample,5216,7104
US,2022-11-19,1,2022-11-26,wk inc flu hosp,sample,5217,8229
US,2022-11-19,1,2022-11-26,wk inc flu hosp,sample,5218,7246
US,2022-11-19,1,2022-11-26,wk inc flu hosp,sample,5219,8846
US,2022-11-19,1,2022-11-26,wk inc flu hosp,sample,5220,8426
US,2022-11-19,1,2022-11-26,wk inc flu hosp,sample,5221,7906
US,2022-11-19,1,2022-11-26,wk inc flu hosp,sample,5222,8777
US,2022-11-19,1,2022-11-26,wk inc flu hosp,sample,5223,9103
US,2022-11-19,1,2022-11-26,wk inc flu hosp,sample,5224,9266
US,2022-11-19,1,2022-11-26,wk inc flu hosp,sample,5225,8663
US,2022-11-19,1,2022-11-26,wk inc flu hosp,sample,5226,9175
US,2022-11-19,1,2022-11-26,wk inc flu hosp,sample,5227,9098
US,2022-11-19,1,2022-11-26,wk inc flu hosp,sample,5228,8052
US,2022-11-19,1,2022-11-26,wk inc flu hosp,sample,5229,11268
US,2022-11-19,1,2022-11-26,wk inc flu hosp,sample,5230,8444
US,2022-11-19,1,2022-11-26,wk inc flu hosp,sample,5231,9140
US,2022-11-19,1,2022-11-26,wk inc flu hosp,sample,5232,8806
US,2022-11-19,1,2022-11-26,wk inc flu hosp,sample,5233,8099
US,2022-11-19,1,2022-11-26,wk inc flu hosp,sample,5234,9433
US,2022-11-19,1,2022-11-26,wk inc flu hosp,sample,5235,9151
US,2022-11-19,1,2022-11-26,wk inc flu hosp,sample,5236,6284
US,2022-11-19,1,2022-11-26,wk inc flu hosp,sample,5237,8268
US,2022-11-19,1,2022-11-26,wk inc flu hosp,sample,5238,8584
US,2022-11-19,1,2022-11-26,wk inc flu hosp,sample,5239,8389
US,2022-11-19,1,2022-11-26,wk inc flu hosp,sample,5240,5929
US,2022-11-19,1,2022-11-26,wk inc flu hosp,sample,5241,9355
US,2022-11-19,1,2022-11-26,wk inc flu hosp,sample,5242,8200
US,2022-11-19,1,2022-11-26,wk inc flu hosp,sample,5243,8744
US,2022-11-19,1,2022-11-26,wk inc flu hosp,sample,5244,8885
US,2022-11-19,1,2022-11-26,wk inc flu hosp,sample,5245,8798
US,2022-11-19,1,2022-11-26,wk inc flu hosp,sample,5246,6926
US,2022-11-19,1,2022-11-26,wk inc flu hosp,sample,5247,8317
US,2022-11-19,1,2022-11-26,wk inc flu hosp,sample,5248,8334
US,2022-11-19,1,2022-11-26,wk inc flu hosp,sample,5249,8141
US,2022-11-19,1,2022-11-26,wk inc flu hosp,sample,5250,8776
US,2022-11-19,1,2022-11-26,wk inc flu hosp,sample,5251,9862
US,2022-11-19,1,2022-11-26,wk inc flu hosp,sample,5252,9119
US,2022-11-19,1,2022-11-26,wk inc flu hosp,sample,5253,9318
US,2022-11-19,1,2022-11-26,wk inc flu hosp,sample,5254,8248
US,2022-11-19,1,2022-11-26,wk inc flu hosp,sample,5255,8933
US,2022-11-19,1,2022-11-26,wk inc flu hosp,sample,5256,9160
US,2022-11-19,1,2022-11-26,wk inc flu hosp,sample,5257,8669
US,2022-11-19,1,2022-11-26,wk inc flu hosp,sample,5258,6275
US,2022-11-19,1,2022-11-26,wk inc flu hosp,sample,5259,8184
US,2022-11-19,1,2022-11-26,wk inc flu hosp,sample,5260,9189
US,2022-11-19,1,2022-11-26,wk inc flu hosp,sample,5261,8805
US,2022-11-19,1,2022-11-26,wk inc flu hosp,sample,5262,8742
US,2022-11-19,1,2022-11-26,wk inc flu hosp,sample,5263,9355
US,2022-11-19,1,2022-11-26,wk inc flu hosp,sample,5264,8753
US,2022-11-19,1,2022-11-26,wk inc flu hosp,sample,5265,8762
US,2022-11-19,1,2022-11-26,wk inc flu hosp,sample,5266,9436
US,2022-11-19,1,2022-11-26,wk inc flu hosp,sample,5267,8960
US,2022-11-19,1,2022-11-26,wk inc flu hosp,sample,5268,8642
US,2022-11-19,1,2022-11-26,wk inc flu hosp,sample,5269,9585
US,2022-11-19,1,2022-11-26,wk inc flu hosp,sample,5270,7743
US,2022-11-19,1,2022-11-26,wk inc flu hosp,sample,5271,8034
US,2022-11-19,1,2022-11-26,wk inc flu hosp,sample,5272,8983
US,2022-11-19,1,2022-11-26,wk inc flu hosp,sample,5273,8507
US,2022-11-19,1,2022-11-26,wk inc flu hosp,sample,5274,9074
US,2022-11-19,1,2022-11-26,wk inc flu hosp,sample,5275,9274
US,2022-11-19,1,2022-11-26,wk inc flu hosp,sample,5276,9674
US,2022-11-19,1,2022-11-26,wk inc flu hosp,sample,5277,8976
US,2022-11-19,1,2022-11-26,wk inc flu hosp,sample,5278,8713
US,2022-11-19,1,2022-11-26,wk inc flu hosp,sample,5279,8223
US,2022-11-19,1,2022-11-26,wk inc flu hosp,sample,5280,8103
US,2022-11-19,1,2022-11-26,wk inc flu hosp,sample,5281,7727
US,2022-11-19,1,2022-11-26,wk inc flu hosp,sample,5282,8499
US,2022-11-19,1,2022-11-26,wk inc flu hosp,sample,5283,8010
US,2022-11-19,1,2022-11-26,wk inc flu hosp,sample,5284,9104
US,2022-11-19,1,2022-11-26,wk inc flu hosp,sample,5285,8436
US,2022-11-19,1,2022-11-26,wk inc flu hosp,sample,5286,9072
US,2022-11-19,1,2022-11-26,wk inc flu hosp,sample,5287,8335
US,2022-11-19,1,2022-11-26,wk inc flu hosp,sample,5288,9075
US,2022-11-19,1,2022-11-26,wk inc flu hosp,sample,5289,9277
US,2022-11-19,1,2022-11-26,wk inc flu hosp,sample,5290,8307
US,2022-11-19,1,2022-11-26,wk inc flu hosp,sample,5291,8695
US,2022-11-19,1,2022-11-26,wk inc flu hosp,sample,5292,10892
US,2022-11-19,1,2022-11-26,wk inc flu hosp,sample,5293,8527
US,2022-11-19,1,2022-11-26,wk inc flu hosp,sample,5294,8019
US,2022-11-19,1,2022-11-26,wk inc flu hosp,sample,5295,7712
US,2022-11-19,1,2022-11-26,wk inc flu hosp,sample,5296,9370
US,2022-11-19,1,2022-11-26,wk inc flu hosp,sample,5297,8831
US,2022-11-19,1,2022-11-26,wk inc flu hosp,sample,5298,8936
US,2022-11-19,1,2022-11-26,wk inc flu hosp,sample,5299,8712
US,2022-11-19,1,2022-11-26,wk inc flu hosp,sample,5300,9167
US,2022-11-19,2,2022-12-03,wk inc flu hosp,sample,5201,8591
US,2022-11-19,2,2022-12-03,wk inc flu hosp,sample,5202,9637
US,2022-11-19,2,2022-12-03,wk inc flu hosp,sample,5203,7783
US,2022-11-19,2,2022-12-03,wk inc flu hosp,sample,5204,8915
US,2022-11-19,2,2022-12-03,wk inc flu hosp,sample,5205,9171
US,2022-11-19,2,2022-12-03,wk inc flu hosp,sample,5206,8662
US,2022-11-19,2,2022-12-03,wk inc flu hosp,sample,5207,8415
US,2022-11-19,2,2022-12-03,wk inc flu hosp,sample,5208,8500
US,2022-11-19,2,2022-12-03,wk inc flu hosp,sample,5209,9699
US,2022-11-19,2,2022-12-03,wk inc flu hosp,sample,5210,8513
US,2022-11-19,2,2022-12-03,wk inc flu hosp,sample,5211,6921
US,2022-11-19,2,2022-12-03,wk inc flu hosp,sample,5212,8447
US,2022-11-19,2,2022-12-03,wk inc flu hosp,sample,5213,9553
US,2022-11-19,2,2022-12-03,wk inc flu hosp,sample,5214,8721
US,2022-11-19,2,2022-12-03,wk inc flu hosp,sample,5215,9379
US,2022-11-19,2,2022-12-03,wk inc flu hosp,sample,5216,8431
US,2022-11-19,2,2022-12-03,wk inc flu hosp,sample,5217,8184
US,2022-11-19,2,2022-12-03,wk inc flu hosp,sample,5218,8135
US,2022-11-19,2,2022-12-03,wk inc flu hosp,sample,5219,9258
US,2022-11-19,2,2022-12-03,wk inc flu hosp,sample,5220,8586
US,2022-11-19,2,2022-12-03,wk inc flu hosp,sample,5221,7753
US,2022-11-19,2,2022-12-03,wk inc flu hosp,sample,5222,9116
US,2022-11-19,2,2022-12-03,wk inc flu hosp,sample,5223,9379
US,2022-11-19,2,2022-12-03,wk inc flu hosp,sample,5224,9356
US,2022-11-19,2,2022-12-03,wk inc flu hosp,sample,5225,8791
US,2022-11-19,2,2022-12-03,wk inc flu hosp,sample,5226,10555
US,2022-11-19,2,2022-12-03,wk inc flu hosp,sample,5227,9212
US,2022-11-19,2,2022-12-03,wk inc flu hosp,sample,5228,8437
US,2022-11-19,2,2022-12-03,wk inc flu hosp,sample,5229,11201
US,2022-11-19,2,2022-12-03,wk inc flu hosp,sample,5230,8931
US,2022-11-19,2,2022-12-03,wk inc flu hosp,sample,5231,9156
US,2022-11-19,2,2022-12-03,wk inc flu hosp,sample,5232,8720
US,2022-11-19,2,2022-12-03,wk inc flu hosp,sample,5233,8781
US,2022-11-19,2,2022-12-03,wk inc flu hosp,sample,5234,10205
US,2022-11-19,2,2022-12-03,wk inc flu hosp,sample,5235,10708
US,2022-11-19,2,2022-12-03,wk inc flu hosp,sample,5236,7451
US,2022-11-19,2,2022-12-03,wk inc flu hosp,sample,5237,8413
US,2022-11-19,2,2022-12-03,wk inc flu hosp,sample,5238,8128
US,2022-11-19,2,2022-12-03,wk inc flu hosp,sample,5239,8703
US,2022-11-19,2,2022-12-03,wk inc flu hosp,sample,5240,6888
US,2022-11-19,2,2022-12-03,wk inc flu hosp,sample,5241,10347
US,2022-11-19,2,2022-12-03,wk inc flu hosp,sample,5242,8425
US,2022-11-19,2,2022-12-03,wk inc flu hosp,sample,5243,8501
US,2022-11-19,2,2022-12-03,wk inc flu hosp,sample,5244,8603
US,2022-11-19,2,2022-12-03,wk inc flu hosp,sample,5245,9113
US,2022-11-19,2,2022-12-03,wk inc flu hosp,sample,5246,7599
US,2022-11-19,2,2022-12-03,wk inc flu hosp,sample,5247,8638
US,2022-11-19,2,2022-12-03,wk inc flu hosp,sample,5248,8489
US,2022-11-19,2,2022-12-03,wk inc flu hosp,sample,5249,8792
US,2022-11-19,2,2022-12-03,wk inc flu hosp,sample,5250,8179
US,2022-11-19,2,2022-12-03,wk inc flu hosp,sample,5251,10286
US,2022-11-19,2,2022-12-03,wk inc flu hosp,sample,5252,9193
US,2022-11-19,2,2022-12-03,wk inc flu hosp,sample,5253,10149
US,2022-11-19,2,2022-12-03,wk inc flu hosp,sample,5254,8535
US,2022-11-19,2,2022-12-03,wk inc flu hosp,sample,5255,9267
US,2022-11-19,2,2022-12-03,wk inc flu hosp,sample,5256,8952
US,2022-11-19,2,2022-12-03,wk inc flu hosp,sample,5257,9098
US,2022-11-19,2,2022-12-03,wk inc flu hosp,sample,5258,6180
US,2022-11-19,2,2022-12-03,wk inc flu hosp,sample,5259,7694
US,2022-11-19,2,2022-12-03,wk inc flu hosp,sample,5260,8866
US,2022-11-19,2,2022-12-03,wk inc flu hosp,sample,5261,8726
US,2022-11-19,2,2022-12-03,wk inc flu hosp,sample,5262,9029
US,2022-11-19,2,2022-12-03,wk inc flu hosp,sample,5263,9417
US,2022-11-19,2,2022-12-03,wk inc flu hosp,sample,5264,8636
US,2022-11-19,2,2022-12-03,wk inc flu hosp,sample,5265,8601
US,2022-11-19,2,2022-12-03,wk inc flu hosp,sample,5266,10860
US,2022-11-19,2,2022-12-03,wk inc flu hosp,sample,5267,8822
US,2022-11-19,2,2022-12-03,wk inc flu hosp,sample,5268,8865
US,2022-11-19,2,2022-12-03,wk inc flu hosp,sample,5269,10691
US,2022-11-19,2,2022-12-03,wk inc flu hosp,sample,5270,8125
US,2022-11-19,2,2022-12-03,wk inc flu hosp,sample,5271,8168
US,2022-11-19,2,2022-12-03,wk inc flu hosp,sample,5272,9221
US,2022-11-19,2,2022-12-03,wk inc flu hosp,sample,5273,8459
US,2022-11-19,2,2022-12-03,wk inc flu hosp,sample,5274,9898
US,2022-11-19,2,2022-12-03,wk inc flu hosp,sample,5275,10393
US,2022-11-19,2,2022-12-03,wk inc flu hosp,sample,5276,10387
US,2022-11-19,2,2022-12-03,wk inc flu hosp,sample,5277,9375
US,2022-11-19,2,2022-12-03,wk inc flu hosp,sample,5278,8415
US,2022-11-19,2,2022-12-03,wk inc flu hosp,sample,5279,8391
US,2022-11-19,2,2022-12-03,wk inc flu hosp,sample,5280,8836
US,2022-11-19,2,2022-12-03,wk inc flu hosp,sample,5281,8156
US,2022-11-19,2,2022-12-03,wk inc flu hosp,sample,5282,8514
US,2022-11-19,2,2022-12-03,wk inc flu hosp,sample,5283,8332
US,2022-11-19,2,2022-12-03,wk inc flu hosp,sample,5284,9594
US,2022-11-19,2,2022-12-03,wk inc flu hosp,sample,5285,8838
US,2022-11-19,2,2022-12-03,wk inc flu hosp,sample,5286,8708
US,2022-11-19,2,2022-12-03,wk inc flu hosp,sample,5287,8373
US,2022-11-19,2,2022-12-03,wk inc flu hosp,sample,5288,8957
US,2022-11-19,2,2022-12-03,wk inc flu hosp,sample,5289,9617
US,2022-11-19,2,2022-12-03,wk inc flu hosp,sample,5290,8551
US,2022-11-19,2,2022-12-03,wk inc flu hosp,sample,5291,8558
US,2022-11-19,2,2022-12-03,wk inc flu hosp,sample,5292,11129
US,2022-11-19,2,2022-12-03,wk inc flu hosp,sample,5293,9011
US,2022-11-19,2,2022-12-03,wk inc flu hosp,sample,5294,8226
US,2022-11-19,2,2022-12-03,wk inc flu hosp,sample,5295,8070
US,2022-11-19,2,2022-12-03,wk inc flu hosp,sample,5296,10759
US,2022-11-19,2,2022-12-03,wk inc flu hosp,sample,5297,8926
US,2022-11-19,2,2022-12-03,wk inc flu hosp,sample,5298,10039
US,2022-11-19,2,2022-12-03,wk inc flu hosp,sample,5299,8973
US,2022-11-19,2,2022-12-03,wk inc flu hosp,sample,5300,8938
01,2022-11-19,0,2022-11-19,wk flu hosp rate category,pmf,low,0.00143947083940882
01,2022-11-19,0,2022-11-19,wk flu hosp rate category,pmf,moderate,0.02603291034807091
01,2022-11-19,0,2022-11-19,wk flu hosp rate category,pmf,high,0.9582739629772444
01,2022-11-19,0,2022-11-19,wk flu hosp rate category,pmf,very high,0.01425365583527571
01,2022-11-19,1,2022-11-26,wk flu hosp rate category,pmf,low,3.448513796354543e-4
01,2022-11-19,1,2022-11-26,wk flu hosp rate category,pmf,moderate,0.05945354714644165
01,2022-11-19,1,2022-11-26,wk flu hosp rate category,pmf,high,0.9050131845879608
01,2022-11-19,1,2022-11-26,wk flu hosp rate category,pmf,very high,0.03518841688596231
01,2022-11-19,2,2022-12-03,wk flu hosp rate category,pmf,low,3.068349837582918e-4
01,2022-11-19,2,2022-12-03,wk flu hosp rate category,pmf,moderate,0.09221401719947955
01,2022-11-19,2,2022-12-03,wk flu hosp rate category,pmf,high,0.8545180121309606
01,2022-11-19,2,2022-12-03,wk flu hosp rate category,pmf,very high,0.05296113568580163
02,2022-11-19,0,2022-11-19,wk flu hosp rate category,pmf,low,0.9
02,2022-11-19,0,2022-11-19,wk flu hosp rate category,pmf,moderate,0.09999999970059203
02,2022-11-19,0,2022-11-19,wk flu hosp rate category,pmf,high,2.9940794288307865e-10
02,2022-11-19,0,2022-11-19,wk flu hosp rate category,pmf,very high,0
02,2022-11-19,1,2022-11-26,wk flu hosp rate category,pmf,low,0.8500000000000001
02,2022-11-19,1,2022-11-26,wk flu hosp rate category,pmf,moderate,0.14993266296966357
02,2022-11-19,1,2022-11-26,wk flu hosp rate category,pmf,high,6.733703009009773e-5
02,2022-11-19,1,2022-11-26,wk flu hosp rate category,pmf,very high,2.462474668618597e-13
02,2022-11-19,2,2022-12-03,wk flu hosp rate category,pmf,low,0.8
02,2022-11-19,2,2022-12-03,wk flu hosp rate category,pmf,moderate,0.19836319015089057
02,2022-11-19,2,2022-12-03,wk flu hosp rate category,pmf,high,0.00163669394879995
02,2022-11-19,2,2022-12-03,wk flu hosp rate category,pmf,very high,1.1590030946084796e-7
04,2022-11-19,0,2022-11-19,wk flu hosp rate category,pmf,low,0.9137903574128065
04,2022-11-19,0,2022-11-19,wk flu hosp rate category,pmf,moderate,0.08620963324725384
04,2022-11-19,0,2022-11-19,wk flu hosp rate category,pmf,high,9.339939821551012e-9
04,2022-11-19,0,2022-11-19,wk flu hosp rate category,pmf,very high,0
04,2022-11-19,1,2022-11-26,wk flu hosp rate category,pmf,low,0.835185185185185
04,2022-11-19,1,2022-11-26,wk flu hosp rate category,pmf,moderate,0.16479878128307712
04,2022-11-19,1,2022-11-26,wk flu hosp rate category,pmf,high,1.603353144952191e-5
04,2022-11-19,1,2022-11-26,wk flu hosp rate category,pmf,very high,2.883249194951532e-13
04,2022-11-19,2,2022-12-03,wk flu hosp rate category,pmf,low,0.7825610330712373
04,2022-11-19,2,2022-12-03,wk flu hosp rate category,pmf,moderate,0.21738568795575064
04,2022-11-19,2,2022-12-03,wk flu hosp rate category,pmf,high,5.327897079809851e-5
04,2022-11-19,2,2022-12-03,wk flu hosp rate category,pmf,very high,2.2140067557074868e-12
05,2022-11-19,0,2022-11-19,wk flu hosp rate category,pmf,low,8.614148199116e-5
05,2022-11-19,0,2022-11-19,wk flu hosp rate category,pmf,moderate,0.00412039208547799
05,2022-11-19,0,2022-11-19,wk flu hosp rate category,pmf,high,0.34579346643253084
05,2022-11-19,0,2022-11-19,wk flu hosp rate category,pmf,very high,0.65
05,2022-11-19,1,2022-11-26,wk flu hosp rate category,pmf,low,1.2677221535475685e-4
05,2022-11-19,1,2022-11-26,wk flu hosp rate category,pmf,moderate,0.00822968809556581
05,2022-11-19,1,2022-11-26,wk flu hosp rate category,pmf,high,0.39164353968907945
05,2022-11-19,1,2022-11-26,wk flu hosp rate category,pmf,very high,0.6
05,2022-11-19,2,2022-12-03,wk flu hosp rate category,pmf,low,7.475454581819997e-5
05,2022-11-19,2,2022-12-03,wk flu hosp rate category,pmf,moderate,0.01236545803335969
05,2022-11-19,2,2022-12-03,wk flu hosp rate category,pmf,high,0.41255978742082217
05,2022-11-19,2,2022-12-03,wk flu hosp rate category,pmf,very high,0.575
US,2022-11-19,0,2022-11-19,wk flu hosp rate category,pmf,low,0.11574754530040315
US,2022-11-19,0,2022-11-19,wk flu hosp rate category,pmf,moderate,0.8842523824668768
US,2022-11-19,0,2022-11-19,wk flu hosp rate category,pmf,high,7.2232720027543e-8
US,2022-11-19,0,2022-11-19,wk flu hosp rate category,pmf,very high,0
US,2022-11-19,1,2022-11-26,wk flu hosp rate category,pmf,low,0.2095860067150351
US,2022-11-19,1,2022-11-26,wk flu hosp rate category,pmf,moderate,0.7904139932849649
US,2022-11-19,1,2022-11-26,wk flu hosp rate category,pmf,high,0
US,2022-11-19,1,2022-11-26,wk flu hosp rate category,pmf,very high,0
US,2022-11-19,2,2022-12-03,wk flu hosp rate category,pmf,low,0.2652416963511074
US,2022-11-19,2,2022-12-03,wk flu hosp rate category,pmf,moderate,0.7347583036488793
US,2022-11-19,2,2022-12-03,wk flu hosp rate category,pmf,high,1.3322676295501878e-14
US,2022-11-19,2,2022-12-03,wk flu hosp rate category,pmf,very high,0
